filename,target_type
10_0002-13-04-2023_API_v1_jpg.rf.52u8OmZDmy96l2SSadCh.jpg,1
10_0002-13-04-2023_API_v6_jpg.rf.zwTfRVXrfAoXoHarRafs.jpg,1
10_1530-14-04-2023_API_v1_jpg.rf.9oPAXmVm840QqohLOK9l.jpg,1
10_1530-14-04-2023_API_v2_jpg.rf.OheQfLfSO1rt7Mxq5a5n.jpg,1
10_1530-14-04-2023_API_v3_jpg.rf.pZX22mvZTptKmS0ErcMQ.jpg,1
10_1531-07-04-2023_API_v2_jpg.rf.NUlZz9az7jqG86nCRtW1.jpg,1
10_1531-07-04-2023_API_v3_jpg.rf.22aWd3uQwjVkN6QVhQMh.jpg,1
10_1531-07-04-2023_API_v4_jpg.rf.K1p5Za5ITGLj4yC4uuk0.jpg,1
10_1802-07-04-2023_API_v1_jpg.rf.IUwcGNtZ9vZ6H4CIHaTd.jpg,1
10_1802-07-04-2023_API_v3_jpg.rf.zmkulbyDKIS6GcHipzXp.jpg,1
10_1802-07-04-2023_API_v5_jpg.rf.HMO9zhB6Uh6VamjpgMrp.jpg,1
10_1802-07-04-2023_API_v6_jpg.rf.lns8vyEu0GC3xgcJepMc.jpg,1
10_v1_jpg.rf.1YvEfjaa3HGuepilYx5S.jpg,2
10_v2_jpg.rf.jeIXYZZlIuW6X95mDpRe.jpg,2
10_v3_jpg.rf.OviiSjjZIjwqmWn8kgqw.jpg,2
10_v5_jpg.rf.fHG4rR6TD69oQ5uav1qb.jpg,2
10_v6_jpg.rf.RVbjCutXCdJXULB3idyf.jpg,2
11_0002-13-04-2023_API_v3_jpg.rf.MQ8YIPc4uqSaq8CXlfPg.jpg,2
11_0002-13-04-2023_API_v4_jpg.rf.010KJ5Lw6Yh0jU4mY6up.jpg,1
11_1530-14-04-2023_API_v1_jpg.rf.sMKS4v8Qc7ajcRJSnNVN.jpg,1
11_1530-14-04-2023_API_v2_jpg.rf.j540z4Ca8FP5nfOa0Q9Z.jpg,1
11_1530-14-04-2023_API_v3_jpg.rf.1qw86s1oNrVBGvbYLV4m.jpg,1
11_1531-07-04-2023_API_v1_jpg.rf.UNFRjo2YtkE5ZOIYxkmX.jpg,1
11_1531-07-04-2023_API_v3_jpg.rf.Pk2KL3dpSOKRpQWQS5EB.jpg,1
11_1531-07-04-2023_API_v4_jpg.rf.18UUZmZADxxGFSiS8KeP.jpg,1
11_1531-07-04-2023_API_v5_jpg.rf.wtIvoyeTk3UUFfw1xSPN.jpg,1
11_1531-07-04-2023_API_v6_jpg.rf.qLxyxshnKjRpNwMWDw7u.jpg,1
11_2036-14-04-2023_API_v2_jpg.rf.o3ayUPsylCNeTKQBSrmr.jpg,1
11_2036-14-04-2023_API_v3_jpg.rf.QBQewUQZ5qxW7paMf0Xo.jpg,1
11_v1_jpg.rf.yNK8YEATHzwRfF4r5i5h.jpg,2
11_v2_jpg.rf.1jzE3Qm61WkldB6DLEIn.jpg,2
11_v3_jpg.rf.WHkBhVmtafPiY4iFfZ4X.jpg,2
11_v4_jpg.rf.oydQSi1HIwH4azZcRcLR.jpg,2
11_v5_jpg.rf.i421Ln2i2EE1WuXSWWhf.jpg,2
11_v6_jpg.rf.4RsG1A8cYu1N4Nuygqqn.jpg,2
12_0002-13-04-2023_API_v2_jpg.rf.A4vv4MdEnyrPr3fC020t.jpg,1
12_0002-13-04-2023_API_v3_jpg.rf.Q64jv4zPPly4Y1melFfI.jpg,1
12_0002-13-04-2023_API_v4_jpg.rf.AUVjNs7VxnrCVFkHXQvZ.jpg,1
12_0002-13-04-2023_API_v5_jpg.rf.zOMuhjzGZ6OovEVJM6hr.jpg,1
12_0002-13-04-2023_API_v6_jpg.rf.YszOuQYffg2VjIo2Qvp7.jpg,1
12_1531-07-04-2023_API_v2_jpg.rf.zbeLOZPbMqc2ejzYJXGh.jpg,1
12_v3_jpg.rf.oujQZE6VRbJ7Pju5qCPa.jpg,2
12_v4_jpg.rf.G95X8gea5sCmwTi60x5S.jpg,2
12_v6_jpg.rf.hLdpczII9bznCK85CPZy.jpg,2
13_0002-13-04-2023_API_v1_jpg.rf.1DJEa5NQo2Fv6JWqM0TG.jpg,1
13_0002-13-04-2023_API_v2_jpg.rf.M4pe1th9zlNZxPmaB1Hi.jpg,1
13_0002-13-04-2023_API_v3_jpg.rf.2DBouQNzjt4Xd6X6478O.jpg,1
13_0002-13-04-2023_API_v4_jpg.rf.oLNntlgPmXLNg5qUbxzz.jpg,1
13_0002-13-04-2023_API_v5_jpg.rf.9iNiUoYOIuQHLcE84JbP.jpg,1
13_0002-13-04-2023_API_v6_jpg.rf.nIdNh066B2jLPMLnXQbj.jpg,1
13_1530-14-04-2023_API_v3_jpg.rf.Srx6a8TvrXBbsJDtmtck.jpg,1
13_1531-07-04-2023_API_v1_jpg.rf.KHPenqd8fmv4oPwKejzW.jpg,1
13_1531-07-04-2023_API_v2_jpg.rf.dEuQF8xyd7Gc7PMlZR6a.jpg,1
13_1531-07-04-2023_API_v4_jpg.rf.XoD7iuolnzcpOOzF0Evy.jpg,1
13_1531-07-04-2023_API_v5_jpg.rf.Gk3iHsG9olk037Vy23th.jpg,1
13_1802-07-04-2023_API_v1_jpg.rf.iUEiPy5FoJZggUxRx50n.jpg,1
13_1802-07-04-2023_API_v2_jpg.rf.6NOmNagiY0PP8uh5KRe4.jpg,1
13_1802-07-04-2023_API_v3_jpg.rf.Yd9eOfbTRNsUO4Jp6LgT.jpg,1
13_1802-07-04-2023_API_v5_jpg.rf.LB5hqdDffP4DDT3pbNHO.jpg,1
13_1802-07-04-2023_API_v6_jpg.rf.0nfuWnvWbYj4whSvA0dy.jpg,1
13_2036-14-04-2023_API_v2_jpg.rf.9ZItrfB5qblvOM11jdJa.jpg,1
13_2036-14-04-2023_API_v3_jpg.rf.n8yv7de4DWYEl8uzWGUL.jpg,1
13_v1_jpg.rf.nZSOvK7UVs4MqZirOwhH.jpg,2
13_v2_jpg.rf.vEoEpPdcwXnoxgTWPqSf.jpg,2
13_v3_jpg.rf.W90DQDgqhraEjL5VmE40.jpg,2
13_v4_jpg.rf.vho8d62bOoartk5nbJ7h.jpg,2
13_v5_jpg.rf.pkomNfMsz6akegMz9Pgg.jpg,2
13_v6_jpg.rf.64Ug2B3ZzmWIIlzKkCDh.jpg,2
14_0002-13-04-2023_API_v3_jpg.rf.fcgnR5qUDAfjXLx9a7G1.jpg,1
14_0002-13-04-2023_API_v4_jpg.rf.conYMqwAuKO9OLQvCf6v.jpg,1
14_0002-13-04-2023_API_v5_jpg.rf.yhNkRdkmAsCnGbYTX3tm.jpg,1
14_1530-14-04-2023_API_v1_jpg.rf.c3Ijjug46ebXi0qfCUaE.jpg,1
14_1530-14-04-2023_API_v3_jpg.rf.nnlmmw3Oov0nRa8e7IVw.jpg,1
14_1531-07-04-2023_API_v1_jpg.rf.DuTOkYOlkBMUqzetD9vK.jpg,1
14_1531-07-04-2023_API_v4_jpg.rf.CRm9I8iz2dNtGHFKXgz2.jpg,1
14_1531-07-04-2023_API_v6_jpg.rf.G2MCdmgrJeqFrDF8BOLC.jpg,1
14_2036-14-04-2023_API_v2_jpg.rf.v30OVQRi7DEZbARtDsyU.jpg,1
14_v1_jpg.rf.ChCEA8PMXKfUBbidT996.jpg,2
14_v3_jpg.rf.d6WyC5Xkaolc2nsUL0Kr.jpg,2
14_v4_jpg.rf.MYBmr8TbZZXB6VJVwcpx.jpg,2
14_v5_jpg.rf.3951VPJqAccCM6SKRNzF.jpg,2
14_v6_jpg.rf.EeMFUMs2Sp2lIlDuSfzX.jpg,2
15_0002-13-04-2023_API_v1_jpg.rf.bw15JRbTKoqudhGwbAvT.jpg,1
15_0002-13-04-2023_API_v3_jpg.rf.nOY2AYCUfDLF8uUoXVC3.jpg,1
15_0002-13-04-2023_API_v4_jpg.rf.Jv42b5F3liLpRoRARnqO.jpg,1
15_1530-14-04-2023_API_v2_jpg.rf.I6lLbgaIRPa7wDg84zOv.jpg,1
15_1531-07-04-2023_API_v1_jpg.rf.mA8EPvEKOMBoYc3CthHl.jpg,1
15_1531-07-04-2023_API_v2_jpg.rf.ywumBtQmT58dU04XBlba.jpg,1
15_1531-07-04-2023_API_v4_jpg.rf.kZkpCHIX0XdyTlDwc9cE.jpg,1
15_1531-07-04-2023_API_v6_jpg.rf.gk9cqpv7RAMyHMTOolYJ.jpg,1
15_2036-14-04-2023_API_v3_jpg.rf.PnX3HqPv6EP313mMVwRP.jpg,1
15_v1_jpg.rf.RDfgzC7Hrdo9hmNb6cGS.jpg,2
15_v2_jpg.rf.FNAWx9a5H3trjw3kOYcX.jpg,2
15_v3_jpg.rf.EbikppvfD4ERiLFKB6ky.jpg,2
15_v5_jpg.rf.gzLwXMycUPZCAh78tlNQ.jpg,2
15_v6_jpg.rf.EnFV71nEOvLs8h28fQUA.jpg,2
16_0002-13-04-2023_API_v3_jpg.rf.J10QPwWS3TYFtKhI06pt.jpg,1
16_0002-13-04-2023_API_v4_jpg.rf.ZHkqmj4Hy1TEXULUuvq4.jpg,1
16_0002-13-04-2023_API_v5_jpg.rf.rCYYrJdqf8TIr2THY15d.jpg,1
16_0002-13-04-2023_API_v6_jpg.rf.v4p0LdGnqCoQmgJ8yix0.jpg,1
16_1530-14-04-2023_API_v1_jpg.rf.ZecFiRBbOB6ZoBKop1Wp.jpg,1
16_1530-14-04-2023_API_v2_jpg.rf.IqN8NncqbdXel8qJknQR.jpg,1
16_1531-07-04-2023_API_v2_jpg.rf.VhMNGlyKgQGnRpmEBWU5.jpg,1
16_1531-07-04-2023_API_v5_jpg.rf.iv2LwsSylBf64CdhCkF9.jpg,1
16_2036-14-04-2023_API_v1_jpg.rf.n46AG7Q2s9NHXbvZ8rPI.jpg,1
16_v2_jpg.rf.4uQTD2aWkWh2fC05fIuu.jpg,2
16_v3_jpg.rf.587NAXtxcbkeBCqn58eF.jpg,2
16_v4_jpg.rf.IvNIh0mTZPd3d415DRaE.jpg,2
16_v5_jpg.rf.4IKrWAIWGDuhXvm6VApv.jpg,2
16_v6_jpg.rf.IcufMUxb8YRxgVu9wSwe.jpg,2
17_0002-13-04-2023_API_v2_jpg.rf.BOMG6bDx8DoaeWzlyBP3.jpg,1
17_0002-13-04-2023_API_v3_jpg.rf.Y2kRsn9fVKpkNc4qJKYq.jpg,1
17_0002-13-04-2023_API_v6_jpg.rf.jax9pAObtreRAJtLnwE1.jpg,1
17_1530-14-04-2023_API_v1_jpg.rf.zRl0yxk7M4xa15eXMxQn.jpg,1
17_1530-14-04-2023_API_v3_jpg.rf.HCoxbyG0lAzt7E8KjECH.jpg,1
17_1531-07-04-2023_API_v2_jpg.rf.pXf3wv9GtpM8z7KXDCMJ.jpg,1
17_1531-07-04-2023_API_v3_jpg.rf.xXxlF4y8jxEakD3CRn5P.jpg,1
17_1531-07-04-2023_API_v5_jpg.rf.5t5CljP6VhREfyMZRq0b.jpg,1
17_1531-07-04-2023_API_v6_jpg.rf.nkGFh22EszATLGxnFzBq.jpg,1
17_1802-07-04-2023_API_v1_jpg.rf.69khTNazfriwNqPzFU7h.jpg,1
17_1802-07-04-2023_API_v2_jpg.rf.Rk5SntFWxF1lnsdIcje7.jpg,1
17_1802-07-04-2023_API_v3_jpg.rf.DXtP8KRfWyfeF9ZKqimx.jpg,1
17_1802-07-04-2023_API_v4_jpg.rf.JWVbkyLcZ0EPmQF1QVFM.jpg,1
17_1802-07-04-2023_API_v5_jpg.rf.uFwU4HFPnMfCsxrMrnCk.jpg,1
17_1802-07-04-2023_API_v6_jpg.rf.0QUO6lDXSTQYCZaTO1ln.jpg,1
17_2036-14-04-2023_API_v1_jpg.rf.H7dK8pk0mstDRlAHocml.jpg,1
17_2036-14-04-2023_API_v2_jpg.rf.Z7rGMbRh6UAYBGVHIYhL.jpg,1
17_2036-14-04-2023_API_v3_jpg.rf.JooE9J8b7X0dJ0Pwn0mC.jpg,1
17_v1_jpg.rf.s7ZQp6oG3tY9pyr7bE8I.jpg,2
17_v3_jpg.rf.ClvE2B31N2fcNrEIhM9t.jpg,2
17_v4_jpg.rf.y777egG9Y0155p3EHdyr.jpg,2
17_v6_jpg.rf.LgsrcifLkO22ImnxeOZD.jpg,2
18_0002-13-04-2023_API_v1_jpg.rf.Y3t7uJooc8Ypn4pybzr0.jpg,1
18_0002-13-04-2023_API_v3_jpg.rf.jIU2iR7TE500dgAvGNH8.jpg,1
18_0002-13-04-2023_API_v4_jpg.rf.S6e99lm4QPfxrO9J7lIM.jpg,1
18_1531-07-04-2023_API_v1_jpg.rf.ASU7zk0qEapKOkbWbRSl.jpg,1
18_1531-07-04-2023_API_v4_jpg.rf.RUDgcJP7mV7lTuc0W8KR.jpg,1
18_1531-07-04-2023_API_v6_jpg.rf.UBhhbClU0juI2QWRouE6.jpg,1
18_1802-07-04-2023_API_v1_jpg.rf.AbaXq7a9ZTk6xqmH9g1e.jpg,1
18_1802-07-04-2023_API_v2_jpg.rf.llJc551UywsN6qPR8SCK.jpg,1
18_1802-07-04-2023_API_v4_jpg.rf.6oK6U5gQbxhMq9mxuRHU.jpg,1
18_1802-07-04-2023_API_v5_jpg.rf.UfpJjAzuR7TuWyTUqPnU.jpg,1
18_2036-14-04-2023_API_v2_jpg.rf.Gh32SW3oCs2zg4vyOyiY.jpg,1
18_v1_jpg.rf.D8KckZfUmoKUWYgJ1IcU.jpg,2
18_v2_jpg.rf.opLcpfEQDVN0OBM4pG0H.jpg,2
18_v6_jpg.rf.SDC3TYH2ueBxDfQtaw3y.jpg,2
19_0002-13-04-2023_API_v1_jpg.rf.F3y02OCyJxPQx1elwORi.jpg,1
19_0002-13-04-2023_API_v5_jpg.rf.b86JHuOo61SW3gU9Vdpb.jpg,1
19_1802-07-04-2023_API_v1_jpg.rf.OsLN43U901gu0drXuvf9.jpg,1
19_1802-07-04-2023_API_v2_jpg.rf.v4qGOzFxyK5pjMDOVSvn.jpg,1
19_1802-07-04-2023_API_v3_jpg.rf.gmVXNWyLRyTJ6Gc5CPXi.jpg,1
19_1802-07-04-2023_API_v6_jpg.rf.kDFB90zBz7hJHRBuU24P.jpg,1
19_v2_jpg.rf.4sjFqISSldnghKZ6xSPP.jpg,2
19_v3_jpg.rf.xilAZXRauWnvduFdNBZY.jpg,2
1_0002-13-04-2023_API_v1_jpg.rf.myJ1hGhB01ETs4YTl2MZ.jpg,1
1_0002-13-04-2023_API_v2_jpg.rf.RW99Dib5YmSh4WBRjfJb.jpg,1
1_0002-13-04-2023_API_v3_jpg.rf.YnZZYzJ4xw3LMh5KYPT0.jpg,1
1_0002-13-04-2023_API_v4_jpg.rf.i3ByURrnvOMksPalTvd5.jpg,1
1_0002-13-04-2023_API_v5_jpg.rf.V2D6VmhflnJPNMypJuJq.jpg,1
1_0002-13-04-2023_API_v6_jpg.rf.A2dcRkep6aSSW3NgWiep.jpg,1
1_1530-14-04-2023_API_v1_jpg.rf.KCJvXpjAnaOpKRP2cOvg.jpg,1
1_1530-14-04-2023_API_v3_jpg.rf.6fPJ6UPfrL30YbaZZ7wo.jpg,1
1_1531-07-04-2023_API_v1_jpg.rf.u1G8jKRApvNlRtOXUiQs.jpg,1
1_1531-07-04-2023_API_v2_jpg.rf.cq6qy2IOiZ9v0dzOim6m.jpg,1
1_1531-07-04-2023_API_v3_jpg.rf.Js5NuQvWuPl5BYf9TlLL.jpg,1
1_1531-07-04-2023_API_v4_jpg.rf.Xtl6Ha24SN9mH4G1YnLV.jpg,1
1_1531-07-04-2023_API_v5_jpg.rf.xow1Ovt6DuZWDSSGGAtx.jpg,1
1_1531-07-04-2023_API_v6_jpg.rf.9j15bljVh9XtxO6UGuQo.jpg,1
1_1802-07-04-2023_API_v1_jpg.rf.kqXDl61jkUpsqPgwqyib.jpg,1
1_1802-07-04-2023_API_v2_jpg.rf.9XIE0GprTNnY8kht43C0.jpg,1
1_1802-07-04-2023_API_v3_jpg.rf.LpP3ZPdW63w87zasooHQ.jpg,1
1_1802-07-04-2023_API_v4_jpg.rf.j1Teaku8vgwFFPhO5tus.jpg,1
1_1802-07-04-2023_API_v5_jpg.rf.OwzBqTOLskNPsYelqzwo.jpg,1
1_1802-07-04-2023_API_v6_jpg.rf.WRV6mlmuKYwr9s7p7ybC.jpg,1
1_2036-14-04-2023_API_v2_jpg.rf.MgC36uU5rSXpRnwjD7ZM.jpg,1
1_2036-14-04-2023_API_v3_jpg.rf.381xo0ZfHVooRTPhyEw4.jpg,1
1_v1_jpg.rf.sSUjV97GStLzPlq9rQaq.jpg,2
1_v3_jpg.rf.5uui78teJJZYb1saecA7.jpg,2
1_v5_jpg.rf.vIauHWxPNMjq8Zs1syS4.jpg,2
20200923_130815_jpg.rf.9JHyDFGWyaFvWhbahtV5.jpg,2
20200923_130815_jpg.rf.LBRHBmoU3ae6L1HYJc9v.jpg,2
20200923_130835_jpg.rf.TXcd1gxaZYfjsVsSDsw4.jpg,2
20200923_130835_jpg.rf.whJ8qlHkWJRtas39vE7g.jpg,2
20200923_130848_jpg.rf.69IyFAGRVivYmMCDLgLu.jpg,2
20200923_130848_jpg.rf.fgJ9ojP6A1dhySb5BUcQ.jpg,2
20200923_130851_jpg.rf.YcPGw5dDjDF340ZUhXm2.jpg,2
20200923_130857_jpg.rf.C7AB67xznhzhsl9J2H1t.jpg,2
20200923_130857_jpg.rf.G6wRtiFikte3YlRCNCnf.jpg,2
20200923_130907_jpg.rf.4cd86IMif2dnORGxjadj.jpg,2
20200923_130907_jpg.rf.jLuXLWJV99CQUoxq2qy2.jpg,2
20200923_130909_jpg.rf.FqOMq4nK6XhsxwfID9e2.jpg,2
20200923_130909_jpg.rf.ttyqqbVHKfE6vZeR3AYo.jpg,2
20200923_130914_jpg.rf.ukZYNT9rt4sWhnXMsMwU.jpg,2
20200923_130914_jpg.rf.xUGP8b4KpFSY2ohjJKRi.jpg,2
20200923_130921_jpg.rf.KCNaUeeAxRCdgPDTiK0P.jpg,2
20200923_130921_jpg.rf.XkFjf47bjqPe8CngbCTv.jpg,2
20200923_130923_jpg.rf.EfsUnqeLf2b9U9zdVo02.jpg,2
20200923_130923_jpg.rf.g2EOlBc2Cw4Jg5w6ZG8h.jpg,2
20200923_130925_jpg.rf.I9MngAooo6KKHZTmH7Z5.jpg,2
20200923_130925_jpg.rf.iSk86QDA58Jj0Ohz8eCk.jpg,2
20200923_130927_jpg.rf.dnlCo8RM9pmP7qMgEsUU.jpg,2
20200923_130927_jpg.rf.v5RdB26KdUwNMAsXPI8o.jpg,2
20200923_130928_jpg.rf.CVsOZLP91lU27xvjCiZn.jpg,2
20200923_130928_jpg.rf.F7PaA6qnMb9eoe9X3jfh.jpg,2
20200923_130934_jpg.rf.FlfgMLK7Y2tmZ4ll7C5i.jpg,2
20200923_130934_jpg.rf.cfbtBX4XDD5Sqq4CdoMV.jpg,2
20200923_130937_jpg.rf.Qi7aDCtttOkrAyKtJIT0.jpg,2
20200923_130937_jpg.rf.VK0dFyg8kuCPM3VitVS5.jpg,2
20200923_130953_jpg.rf.8Cb0abfqNlUUNHbk7yiX.jpg,2
20200923_130953_jpg.rf.RJM7slAUlwZkk3bfdULy.jpg,2
20200923_130958_jpg.rf.Os7GtR6NFxNPAKsso8Lw.jpg,2
20200923_130958_jpg.rf.u57At2tbz0fJd1qWxDbm.jpg,2
20200923_131001_jpg.rf.UIRgNfUNDvElgK8W4KED.jpg,2
20200923_131001_jpg.rf.xO2NvNvoCRkH80ENUyMg.jpg,2
20200923_131007_jpg.rf.HAEebJmLoWDV3FaaR8qp.jpg,2
20200923_131007_jpg.rf.I5F7BbyOAQv11EBK31vM.jpg,2
20200923_131009_jpg.rf.6KYJtnt9N1hqA09Q8E4s.jpg,2
20200923_131009_jpg.rf.vGFKA7yb7y9Elv9asURj.jpg,2
20200923_131010_jpg.rf.L3tZ9iYy6VWnqbGZpA3r.jpg,2
20200923_131010_jpg.rf.jFgfq53bJgJCMxJAuhXH.jpg,2
20200923_131012_jpg.rf.AodiIDJkBMBeQVYx6SWu.jpg,2
20200923_131012_jpg.rf.uQ5JFvuq1CbYQYYyjQ2m.jpg,2
20200923_131018_jpg.rf.Ct1iZLI6q7CFXzGXAzKP.jpg,2
20200923_131018_jpg.rf.dlWFmyjV1Qgjebnic87X.jpg,2
20200923_131021_jpg.rf.EHGuvjXPkGDGTqkedyVF.jpg,2
20200923_131021_jpg.rf.zI6ugWJJpskTzPRCy5JY.jpg,2
20200923_131024_jpg.rf.Leuy5hVHTfx32rHEsDaV.jpg,2
20200923_131024_jpg.rf.dQy4lv8VlK5VRM9EjMV0.jpg,2
20200923_131029_jpg.rf.CaTzdAalTTyUA4b3rSx9.jpg,2
20200923_131029_jpg.rf.gspTL0UEoXX6i20wL7cG.jpg,2
20200923_131032_jpg.rf.CEoRdwrx25apc6YA6ie1.jpg,2
20200923_131032_jpg.rf.vVbbAjcnt3ICyJB17ul1.jpg,2
20200923_131035_jpg.rf.bxwNjcwJAc2vq4N2sjhB.jpg,2
20200923_131035_jpg.rf.yyQ7pBDknqQXLHCzllrE.jpg,2
20200923_131036_jpg.rf.1kg85ThXrMZMdyTfaTb5.jpg,2
20200923_131036_jpg.rf.8Y5ryLjrhxce6CoclUGy.jpg,2
20200923_131041_jpg.rf.Q9ffy6TWbujOhJAbSCDI.jpg,2
20200923_131041_jpg.rf.SY4Pc1gJYXOtcdxBdARV.jpg,2
20200923_131043_jpg.rf.08SBH8YboazWQ4y33W3v.jpg,2
20200923_131043_jpg.rf.0TqoPKpLjchHHFdrv2au.jpg,2
20200923_131045_jpg.rf.JWIEJ0cYG1n2WquTVAiq.jpg,2
20200923_131045_jpg.rf.rQTOsgt4IKIO8HERnIyT.jpg,2
20200923_131046_jpg.rf.r08Ztgz9ty1MhVnqYPLc.jpg,2
20200923_131046_jpg.rf.rV7IzoAl6pnviLyzCZex.jpg,2
20200923_131048_jpg.rf.6dejH5vU44AXYa1kTcrb.jpg,2
20200923_131048_jpg.rf.Q9IPowOmP1a7L20WvEjm.jpg,2
20200923_131127_jpg.rf.E9c99cfez6BUMz3Vog2n.jpg,2
20200923_131127_jpg.rf.RHubIUQcI3tqZVw4AtrZ.jpg,2
20200923_131129_jpg.rf.9DKqCXTdNdfRK0SB5h3R.jpg,2
20200923_131129_jpg.rf.K0JeNLOI2SsLRDCTFlYN.jpg,2
20200923_131131_jpg.rf.ev1FclrZiHXxBdc7nfe3.jpg,2
20200923_131131_jpg.rf.wJwh6gWxteNMjm0NdCV0.jpg,2
20200923_131133_jpg.rf.KjJH5ANaugrHULe0XQ4x.jpg,2
20200923_131133_jpg.rf.rPYgf7MXOQxel5JByd6I.jpg,2
20200923_131135_jpg.rf.VnVPIoBI76oySVcN93Zb.jpg,2
20200923_131135_jpg.rf.oA0aXEDdRJ9j8gn5GmTI.jpg,2
20200923_131139_jpg.rf.cNgIGZKt4cl8Gn04hCRI.jpg,2
20200923_131139_jpg.rf.oNdMYXSkTmfipKJHB3mo.jpg,2
20200923_131141_jpg.rf.NsjpUT7wP1OwCVjuJY9z.jpg,2
20200923_131141_jpg.rf.iGNJbC14SqbjMKXJ1PF7.jpg,2
20200923_131144_jpg.rf.R4to38W1ygieEdm1e1Do.jpg,2
20200923_131144_jpg.rf.eo7yFRY3QscASysgStmP.jpg,2
20200923_131145_jpg.rf.YmNsoAhAu4B4oAa5DCse.jpg,2
20200923_131145_jpg.rf.b3fuXFJ5cHptlpgTlntX.jpg,2
20200923_131148_jpg.rf.1wbeZl1GirP6lEx0xv45.jpg,2
20200923_131148_jpg.rf.dsouCMsTlc8kS7oTxnsr.jpg,2
20200923_131153_jpg.rf.guItBJ9MfRo83rJfTlxU.jpg,2
20200923_131153_jpg.rf.qboNOty61HgwQmvZDVxc.jpg,2
20200923_131155_jpg.rf.NxuowUs3pIm4Fg8k4Su6.jpg,2
20200923_131155_jpg.rf.cTqMbRHX09o4dnR8Qdcq.jpg,2
20200923_131157_jpg.rf.hoL00HzoJ1ZPMto26xYB.jpg,2
20200923_131158_jpg.rf.hN3aAAQV2koHCRPJR3bh.jpg,2
20200923_131158_jpg.rf.oJ4mvCGuJW6SQVtfPPiZ.jpg,2
20200923_131201_jpg.rf.Bt7hwRzMjMkoG0UqpKOi.jpg,2
20200923_131201_jpg.rf.UBgxUhWWYCQDb8lYljqr.jpg,2
20200923_131204_jpg.rf.I1Pcv94hnzM9OBEPbYx1.jpg,2
20200923_131204_jpg.rf.QIngK1oqJtVBEFOIGPRd.jpg,2
20200923_131205_jpg.rf.TrT0CapmX7Zldj1OFREE.jpg,2
20200923_131205_jpg.rf.nN1vpZqrnzhQUsI38d5C.jpg,2
20200923_131211_jpg.rf.F7DiwHFZyrjk5KYonpED.jpg,2
20200923_131211_jpg.rf.jWe4PkuPvIdoSUoif51Z.jpg,2
20200923_131212_jpg.rf.5ZTYoIv5KeT1EbNCL44q.jpg,2
20200923_131212_jpg.rf.iuD45YvwiKWn19yRCvXz.jpg,2
20200923_131216_jpg.rf.UFmDT8YtvSi0oDWezk9e.jpg,2
20200923_131216_jpg.rf.cMzW9oNpXLKnZZZrEOKV.jpg,2
20200923_131218_jpg.rf.7Z8lNl47FX6P3rQQewZ6.jpg,2
20200923_131218_jpg.rf.olbCI9qly9UjFtW3iHYf.jpg,2
20200923_131223_jpg.rf.dCLEAdLqjl3ziYMUeFX4.jpg,2
20200923_131223_jpg.rf.ueeUCVeMRKiNq2ke7ZT2.jpg,2
20200923_131226_jpg.rf.entzGuyez49vhdehP0KY.jpg,2
20200923_131226_jpg.rf.uIi0MHmCK749oqBifimQ.jpg,2
20200923_131231_jpg.rf.0XfZvpjW4Nw8AbzohsA2.jpg,2
20200923_131232_jpg.rf.OCZwD3DNJazQSWHSlR78.jpg,2
20200923_131232_jpg.rf.wgLb6r6c95cXQibeUz6L.jpg,2
20200923_131234_jpg.rf.HRSlEVyxc1H1xTYbJ8TQ.jpg,2
20200923_131234_jpg.rf.i8OaPX7afcvSzvK4Ygww.jpg,2
20230310_153334_jpg.rf.yBFW5BIegiETPNxgjbWT.jpg,2
20230310_153340_jpg.rf.QJXVaEQhyS0xDnZqJ7xN.jpg,2
20230310_153355_jpg.rf.BCLCsaUE0vxiXcPkXdnI.jpg,2
20230310_153401_jpg.rf.sp40EtoeAKCNzvTYvKg5.jpg,2
20230310_153409_jpg.rf.ijXtpLp0XO7aK7kMXEIJ.jpg,2
20230310_153422_jpg.rf.QylC8gvRzD7hml6JZ8Mh.jpg,2
20230310_153425_jpg.rf.pnoHo5PyHhdYZkjbRT6Y.jpg,2
20230310_153431_jpg.rf.0j5FMHX8YhVWHuT8h3pr.jpg,2
20230310_153435_jpg.rf.doqnVJvWSXZQZ6M6jkF9.jpg,2
20230310_153438_jpg.rf.SZfjuf5TCKtbq5rtkIuK.jpg,2
20230310_153444_jpg.rf.StAkKkMJEE9q5nPzqvnx.jpg,2
20230310_153521_jpg.rf.ClwcF5ooNGiSACBzOCDX.jpg,1
20230310_153528_jpg.rf.bCJCYGCcJWfymhWdTJtM.jpg,1
20230310_153532_jpg.rf.tm2wTtY2uyE5v4FgVKAi.jpg,1
20230310_153540_jpg.rf.Ylvq3Dky3OM1xbcfq1Qk.jpg,1
20230310_153552_jpg.rf.VeVzOwblbemcIQ3VsWbK.jpg,1
20230310_153555_jpg.rf.30eCCSaWH7nMyzBNFdPL.jpg,1
20230310_153611_jpg.rf.Ls1ni6UySQTwFSBf2sAr.jpg,1
20230310_153615_jpg.rf.cyZ94w9mu8MTGzNniPGn.jpg,1
20230310_153618_jpg.rf.T56a3cWKyGBiSg330ptB.jpg,1
20230310_153635_jpg.rf.zcLzeAMAA50qoFBnuIWC.jpg,1
20230310_153655_jpg.rf.OOdjVx1kyhB86eJGdvlF.jpg,1
20230310_153707_jpg.rf.M8wMQRzTswlLNuzd8at5.jpg,1
20230310_153712_jpg.rf.ZyfSiUbd6CMZ6skbcTk9.jpg,1
20230310_153717_jpg.rf.PqhpoWae6KBmKylGE26m.jpg,1
20230310_153723_jpg.rf.ur5d6oJRoekV2m0zxwfT.jpg,1
20230310_153729_jpg.rf.ToLiBIHKN4yIDKhrygEe.jpg,1
20230310_153732_jpg.rf.YbAHhqXpIfr7R5XI8neU.jpg,1
20230310_153740_jpg.rf.Pa3MQGgVat3li7BZH93S.jpg,1
20230310_153800_jpg.rf.oImmj11Rq0Y1McOaG2ZK.jpg,1
20230310_153805_jpg.rf.cnBTMKfIiOvGpkr9IXZP.jpg,1
20230310_153808_jpg.rf.ufBnhRCIF7SqIq9fisFL.jpg,1
20230310_153811_jpg.rf.0zOuXTTCdHamFKaXLcMW.jpg,1
20230310_153815_jpg.rf.vyhoTO2hO1xHrdYQTka3.jpg,1
20230310_153821_jpg.rf.yM3DCCDUHdjBOHjlCGB2.jpg,1
20230310_153826_jpg.rf.tBrSYALdbOK6rjHXBoR5.jpg,1
20230310_153832_jpg.rf.KnW6LjGnbaTJCsLSlFkF.jpg,1
20230310_153846_jpg.rf.wDdmLmu1ew4ixiV25yrV.jpg,1
20230310_153850_jpg.rf.xZTCkFAPJMdu6DtRkrmf.jpg,1
20230310_153854_jpg.rf.wYDOCCzCt0dD1OU8gu7a.jpg,1
20230310_153857_jpg.rf.JMKPiWhAMUDfbYOYSf1N.jpg,1
20230310_153907_jpg.rf.jNXuy8bHDVsADwioE3k3.jpg,1
20230310_153909_jpg.rf.rywZSHBNIdTFZFCZ1kXy.jpg,1
20230310_153916_jpg.rf.8UrxFRiJJ1B0sQlj4f9R.jpg,1
20230310_153935_jpg.rf.hIhzw6pHnv7GljAtXvRa.jpg,1
20230310_153941_jpg.rf.Ob9ZCuEqxrzj6yLhfgac.jpg,1
20230310_153945_jpg.rf.iHyqjs0fgSzHHJvyXpbA.jpg,1
20230310_153949_jpg.rf.kltggQEcRLuZhKZgRr5r.jpg,1
20230310_153954_jpg.rf.HOIE9CaJEj10mSmNYjfw.jpg,1
20230310_154015_jpg.rf.LtP6c9zslmVeCYh56M6I.jpg,2
20230310_154021_jpg.rf.gwSTlvzCL2voTNryXPzL.jpg,2
20230310_154023_jpg.rf.rWbfUbVJraeAww11tP50.jpg,2
20230310_154032_jpg.rf.S1zGyFkY7GBiej2bMXuH.jpg,2
20230310_154042_jpg.rf.tdermQ9KohhaY1hZHLgJ.jpg,2
20230310_154055_jpg.rf.IBAs6mdlgzgdLHPuZQlS.jpg,2
20230310_154058_jpg.rf.wbl43OjDpGDrmcRuUjZr.jpg,2
20230310_154104_jpg.rf.HUgloqZGc1h2Rv0TXtNM.jpg,2
20230310_154106_jpg.rf.YdfjDWzExj9xadOPiXHr.jpg,2
20230310_154110_jpg.rf.gCb9A66ONotKswkIcpxM.jpg,2
20230310_154118_jpg.rf.XBV1HzbjJkA5iyfnosyA.jpg,2
20230310_154122_jpg.rf.GS3f7MUOedWokeHNzE1F.jpg,2
20230310_154131_jpg.rf.Gw6JEYB6yHyRRaPIAZWp.jpg,2
20230310_154135_jpg.rf.EPYs9zthu8pg0Wr3JOOb.jpg,2
20230310_154137_jpg.rf.RXL1tIQAHa1jv5XhGGRD.jpg,2
20230310_154139_jpg.rf.mdXSs5WXZ99nmAtmBrqi.jpg,2
20230310_154142_jpg.rf.W8oET6LSLFyR2QOYX3s8.jpg,2
20230310_154147_jpg.rf.sshTjzkJj4VvZ8X9xRHK.jpg,2
20230310_154151_jpg.rf.xVMYstdM2cUiIQY4XJKE.jpg,2
20230310_154159_jpg.rf.ZTnCx1qE6V1Djd6z0GKF.jpg,2
20230310_154206_jpg.rf.jl2z6JPuO9OeCAVL5Dgk.jpg,2
20230310_154225_jpg.rf.wIf2vppGXyCwV1eHVx8h.jpg,2
20230310_154228_jpg.rf.Gf3TGGEnHHmieYYz7aoj.jpg,2
20230310_154233_jpg.rf.xB5ZFAj6CQRBMgylK05X.jpg,2
20230310_154235_jpg.rf.aNiXxR3weUcRTYX4R596.jpg,2
20230310_154238_jpg.rf.ZEH4ruQ3Jxq5l96e1dMt.jpg,2
20230310_154241_jpg.rf.AGWfRPcWhFAbMsai9SZM.jpg,2
20230310_154246_jpg.rf.4BWfkZi2qoSBbBsiI9v9.jpg,2
20230310_154252_jpg.rf.kh5wMyXmWTe7Z7cWKxeb.jpg,2
20230310_154303_jpg.rf.U9BTDascKPpJYeyjUFYf.jpg,2
20230310_154305_jpg.rf.nbSY9Fj7SptDQQ3TOnz6.jpg,2
20230310_154307_jpg.rf.qieICxBCByjUClNmgwwu.jpg,2
20230310_154312_jpg.rf.DopCZM7D78vsOuEssDHh.jpg,2
20230310_154315_jpg.rf.5bBThTImRHmmeDfNPIOy.jpg,2
20230310_154319_jpg.rf.ChOYsjqxN5HRy6r7NzCc.jpg,2
20230310_200145_jpg.rf.2YnesmPSJn8ZSzdIZ7lR.jpg,1
20230310_200232_jpg.rf.pLByXbVZcgDkR0PJLDNF.jpg,1
20230310_200244_jpg.rf.AYmj1fyXE9LLezJ4Yanl.jpg,1
20230310_200254_jpg.rf.I0OLNaAgnLsgo0gktOVo.jpg,1
20230310_200325_01_jpg.rf.QRu7LgGP4mGJNgayqB9z.jpg,1
20230310_200325_03_jpg.rf.BJdE41fZ6mkfGnfUxaVf.jpg,1
20230310_200325_04_jpg.rf.S9v5CZMjuKwPPN6U2qbu.jpg,1
20230310_200325_06_jpg.rf.7Uox6KIrlHfk2ZchEzGh.jpg,1
20230310_200337_jpg.rf.PZMf2r27AmMZgxQl0P3N.jpg,1
20230310_200357_jpg.rf.I8eKy1CDMFQLOJQkKiK6.jpg,1
20230310_200400_jpg.rf.wUAXpBg7Z81UkrMAZn11.jpg,1
20230310_200402_jpg.rf.Obc4yGHQZj0rVj5z45Bg.jpg,1
20230310_200408_jpg.rf.W9RZJMn4T9i0f5CnnFrn.jpg,1
20230310_200411_jpg.rf.MNDx9xzv77GrxtOQBaJ2.jpg,1
20230310_200422_jpg.rf.p7y7hC6r76NyHJBHu5XF.jpg,1
20230310_200436_jpg.rf.Y4HRs0fis2jKShUkmM0o.jpg,1
20230310_200459_jpg.rf.B5SRIhXKhB5LoL37DdCd.jpg,1
20230310_200503_jpg.rf.5ZGoADiN1QJw8anXZT8C.jpg,1
20230310_200511_jpg.rf.0TbwjjczSQdGA2Utju7J.jpg,1
20230310_200512_jpg.rf.EJAeNQ2M2ZPQUZs063Bu.jpg,1
20230310_200524_jpg.rf.HufaPc9PK5hrXZwTG5Dy.jpg,1
20230310_200529_jpg.rf.DEEtlCsdo7o6QrGr6zdd.jpg,1
20230310_200536_jpg.rf.iefFfJyc6xFyKaCsT7nY.jpg,1
20230310_200543_jpg.rf.lT5Dfjsn1Vi0O6LmUXoR.jpg,1
20230310_200551_jpg.rf.4gWcQfPqxr4rG9RcmqTx.jpg,1
20230310_200604_jpg.rf.TF7WmMfreRe8oIuii89i.jpg,1
20230310_200607_jpg.rf.BmI4fAWLV6R4Tu1MDeD4.jpg,1
20230310_200614_jpg.rf.4xRXgIcBpTVlCOWPwDEU.jpg,1
20230310_200624_jpg.rf.BK5rwmeD3NPfRuHVSi7K.jpg,1
20230310_200627_jpg.rf.bDcRVt4OpeIzS32CRMdh.jpg,1
20230310_200631_jpg.rf.PGiN77F9yRv9yVvbbjdJ.jpg,1
20230311_122526_jpg.rf.XPDsKsgAWUThLPrAzIts.jpg,1
20230311_122530_jpg.rf.cd8TiKQhXwLjYEg1sHU6.jpg,1
20230311_122543_jpg.rf.zlWVmyjHyuKwPmWeYLUl.jpg,1
20230311_122547_jpg.rf.rNGbTxugu9k24BxHajQK.jpg,1
20230311_122549_jpg.rf.whRv7uj8MSuXovRsr4m8.jpg,1
20230311_122553_jpg.rf.lBHhjTlu6TqSFZbN2lst.jpg,1
20230311_122557_jpg.rf.0ht7xdd9LuHa3E7vTJGi.jpg,1
20230311_122627_jpg.rf.1mtu1k5vMdn2aOFVlmr1.jpg,1
20230311_122628_jpg.rf.NnOTJswCUWdciFujvgxv.jpg,1
20230311_122637_jpg.rf.qFcI0zpfoJk1PMNZGTdB.jpg,1
20230311_122641_jpg.rf.xbDoG6mQK4CnRsdj5jsT.jpg,1
20230311_122647_jpg.rf.Fq37EPkdmaMU5QeEIbXx.jpg,1
20230311_122651_jpg.rf.Kg4FHLCrHrkiJDq1NYwj.jpg,1
20230311_122657_jpg.rf.UOwJjqwfagzRrbjGJL14.jpg,1
20230311_122709_jpg.rf.ZhlgEwJB3L9A2g08nb2M.jpg,1
20230311_122711_jpg.rf.FOnaQwAeSuvJSNqUxJ7y.jpg,1
20230311_122716_jpg.rf.d9RlIZbfbvpk3mNc41mR.jpg,1
20230311_122721_jpg.rf.uK6UjiVTbZYqhvYgw5P8.jpg,1
20230311_122727_jpg.rf.vrATvMKZrcboJYv1ZPR9.jpg,1
20230311_122736_jpg.rf.JjAdwdenRxMPFkG8xTDe.jpg,1
20230311_122740_jpg.rf.N4zkucvITgK5TADXggP1.jpg,1
20230311_122743_jpg.rf.sLQhCCaLGgmq0oyKCu2Q.jpg,1
20230311_122748_jpg.rf.4ZToiyZUwaIYhahFuzLs.jpg,1
20230311_122835_jpg.rf.lYnrkpHCe2qtBgTb9NlT.jpg,1
20230311_122838_jpg.rf.dHWuglGpBomMrgIx9rET.jpg,1
20230311_122841_jpg.rf.6y65tuqUyp74rbC1ATWZ.jpg,1
20230311_122848_jpg.rf.T7Y7dLffZHWqoXphcY3P.jpg,1
20230311_122853_jpg.rf.95IIzhQempo0eDkKmtWZ.jpg,1
20230311_122904_jpg.rf.SpRaJsmZ4Jr3f5ggZabq.jpg,1
20230311_122906_jpg.rf.7k86zf9jL44hUc2ts9Xx.jpg,1
20230311_122909_jpg.rf.ACvm9K5MHKTcDtw1GEcI.jpg,1
20230311_122911_jpg.rf.RHzFwY78nvGSn81tVjD1.jpg,1
20230311_122952_jpg.rf.CMBSoM2xEPSHFUodVPCN.jpg,1
20230311_122956_jpg.rf.a8GpEPdFOKto3e4QRMh2.jpg,1
20230311_122959_jpg.rf.uXeKFV6atzevjCR6OjJX.jpg,1
20230311_123008_jpg.rf.lvfjiyiF11XzifT9E7Nu.jpg,2
20230311_123049_jpg.rf.kj8oJB9VBdVdeCttdns7.jpg,2
20230311_123058_jpg.rf.QgOqb73ptoDwBJMuOqgb.jpg,2
20230311_123101_jpg.rf.twq4O08CC24YfqpPIrrJ.jpg,2
20230311_123105_jpg.rf.pLSmzw7FZadeNicdygZi.jpg,2
20230311_123110_jpg.rf.nmDAZSabQJMWPRYUwYKW.jpg,2
20230311_123115_jpg.rf.fCTDPcP9c1Bk39PJ0vbx.jpg,2
20230311_123116_jpg.rf.h2TFp8RiF4jNggLVkdvZ.jpg,2
20230311_123125_jpg.rf.fbOY02Cac0AZf8X31UJ0.jpg,2
20230311_123130_jpg.rf.MsYBZlEEFjoTgtvGmsq7.jpg,2
20230311_123134_jpg.rf.BdEgCe1EYXxRFCmAyzvW.jpg,2
20230311_123136_jpg.rf.wSNBYNN91etbd0z8WHg4.jpg,2
20230311_123139_jpg.rf.YIYWSq2pfmOePlIuOCum.jpg,2
20230517_101520_jpg.rf.McWbfzF8VcdcluLmHk3R.jpg,2
20230517_101523_jpg.rf.DcTTQgLO4BmGlaqCm1X1.jpg,2
20230517_101524_jpg.rf.0z2bkKQpz8K2wC12Dxqm.jpg,2
20230517_101526_jpg.rf.hgdr4sOOeOaQwt8surLF.jpg,2
20230517_101528_jpg.rf.ODPrsc60oeqqhOiHjvUc.jpg,2
20230517_101535_jpg.rf.4cZ2R0SNfjFLnuxSc2AP.jpg,2
20230517_101536_jpg.rf.nwKUhqwToPuda7kAEaHR.jpg,2
20230517_101537_jpg.rf.r8vNeMpuLlBj8qOauCBD.jpg,2
20230517_101540_jpg.rf.25KePZk3YO2MGLrGjp7U.jpg,2
20230517_101544_jpg.rf.3kzRSa3EhrJhas29QSz1.jpg,2
20230517_101545_jpg.rf.HtcBqKXpYjACMceQKqjm.jpg,2
20230517_101546_jpg.rf.nWBHLqLbT4gAVnJN6PXo.jpg,2
20230517_101548_jpg.rf.dCjYTjABuhw9Y2zhUKOa.jpg,2
20230517_101552_jpg.rf.FCWFbvzIFMya1kfPee4T.jpg,2
20230517_101553_jpg.rf.8qAX10eKAahP7aqkRz29.jpg,2
20230517_101554_jpg.rf.5Bt8xai7u72hUARk69JN.jpg,2
20230517_101557_jpg.rf.RJvdPLX0FD9eO6rkABaA.jpg,2
20230517_101612_jpg.rf.c06X4fD8zcSZeTbHl53z.jpg,2
20230517_101613(0)_jpg.rf.WRc7fjFy0cS1M5MQNaDg.jpg,2
20230517_101613_jpg.rf.KsrNAywURqiNKjuSgCV5.jpg,2
20230517_101614_jpg.rf.SN8LM3g5yJg6mzY7eAc4.jpg,2
20230517_101615_jpg.rf.zvP4YgZONe2qi5ZxBh3Y.jpg,2
20230517_101640_jpg.rf.gOPh6gQgOOAUR7Nxta5B.jpg,2
20230517_101641(0)_jpg.rf.dMCcutv3G8UlSiljGcYN.jpg,2
20230517_101641_jpg.rf.u7N7P8nOJZ9K7KbXeDCG.jpg,2
20230517_101642_jpg.rf.vGwq7R6PBPdtvCYf6C74.jpg,2
20230517_101643(0)_jpg.rf.MoPll3HcyFksiIBFdxAB.jpg,2
20230517_101643_jpg.rf.ok1fMqs1M5cgERhduuou.jpg,2
20230517_101644_jpg.rf.ghSwoziLS3JZFpjsZVmM.jpg,2
20230517_101648(0)_jpg.rf.9keokigwj8Xk2ehYaHMU.jpg,2
20230517_101648_jpg.rf.8ru2dtiqu9s42U4YOx3o.jpg,2
20230517_101649_jpg.rf.YUT4nUh5FuGpibP3UFyS.jpg,2
20230517_101650(0)_jpg.rf.lH8XAy2iJ4GOSIRcpywU.jpg,2
20230517_101650_jpg.rf.7TEwDQaMPwIjRKG3WJM9.jpg,2
20230517_101651(0)_jpg.rf.ZwrhCBq0aGi0YnAeG9Ym.jpg,2
20230517_101651_jpg.rf.y1TWjnSw5xf6EiqMfJwg.jpg,2
20230517_103301_jpg.rf.gIpuXutwI6rnk93Sqseq.jpg,2
20230517_103303(0)_jpg.rf.2mvCdOfspUntvHCeJKVG.jpg,2
20230517_103303_jpg.rf.woQfybW7FuUyFGQ7C9Jc.jpg,2
20230517_103304(0)_jpg.rf.QnNY6vSq5yPblPqF2uZ4.jpg,2
20230517_103304_jpg.rf.4eystJcKhMyo5CeIPyQO.jpg,2
20230517_103305(0)_jpg.rf.3AFs7axjdE5LToS8L73k.jpg,2
20230517_103305_jpg.rf.W0NGnDxoCiAU7lkAHodO.jpg,2
20230517_103526_jpg.rf.fIwtxKXQgZ1vUHBZ3bCS.jpg,2
20230517_103527(0)_jpg.rf.ycChrbaYytpq9dTWQisc.jpg,2
20230517_103527_jpg.rf.agUvBJO4JfkpNRflsI90.jpg,2
20230517_103528(0)_jpg.rf.7KWcq5CFSZFuLsaThDTF.jpg,2
20230517_103528_jpg.rf.QuqAB5fbFJG5m5atCsGb.jpg,2
20230517_103529(0)_jpg.rf.1uzD7ebbrtYjpIl8Uv9H.jpg,2
20230517_103529_jpg.rf.eiMP9iWNeqkwRIdBbde5.jpg,2
20230517_103532(0)_jpg.rf.jVPhr4Uwe8kO2kvqYhoz.jpg,2
20230517_103532_jpg.rf.oUQZNHR9hbYswILDxj9c.jpg,2
20230517_103533(0)_jpg.rf.XMZn08cTjYcUjoPhpplZ.jpg,2
20230517_103533_jpg.rf.ink1QtMlinXO4g07H1jS.jpg,2
20230517_103534(0)_jpg.rf.qIxXR62GIAOA6XKRXxVr.jpg,2
20230517_103534_jpg.rf.bKRmBwoJ10OLgVHiHbfN.jpg,2
20230517_103535(0)_jpg.rf.ETLV7fDXPxUIB7A6yfi3.jpg,2
20230517_103535_jpg.rf.LVkMl6igT4o1ImdebBkO.jpg,2
20230517_103536_jpg.rf.TfpEx51A0pP5JvQrdSqb.jpg,2
20230517_103538(0)_jpg.rf.IUICmHNTzmOSAeaQcjEY.jpg,2
20230517_103538_jpg.rf.ygNu1dooHjPDEqIeoCnp.jpg,2
20230517_103539(0)_jpg.rf.KPwV3AtOQGAU8EczdrmH.jpg,2
20230517_103539_jpg.rf.Aj6yzkFCxyaEZW5Od4ZM.jpg,2
20230517_103540(0)_jpg.rf.OPMjDgRU4VFz17GtXWCC.jpg,2
20230517_103540_jpg.rf.nEGpim0WYpj3K9Dt3Eox.jpg,2
20230517_103541_jpg.rf.ctjAJ6cj4UmftbJCvjXn.jpg,2
20230517_103633_jpg.rf.YlIVVfBeof1jcKeOJuQY.jpg,1
20230517_103634(0)_jpg.rf.AkgeabIu1axPWF3c9Qow.jpg,1
20230517_103634_jpg.rf.2eDA7MtR4eJ2TuPhxKKE.jpg,1
20230517_103635(0)_jpg.rf.Wge9NJn1TMKMkl6q3ozd.jpg,1
20230517_103635(1)_jpg.rf.yaIVG13H5SPIonL9FAQL.jpg,1
20230517_103635_jpg.rf.xn4ugQoLQUHZeILErjNp.jpg,1
20230517_103636_jpg.rf.2dy49f1WAoSDhNfKQ2lp.jpg,1
20230517_103651(0)_jpg.rf.vqtyjcYhQ55G7kGnWFjq.jpg,2
20230517_103651_jpg.rf.DvTq2FmX0hjkmbG4GqX9.jpg,2
20230517_103652(0)_jpg.rf.nd1MEx6WTRwWJpLhYeaQ.jpg,2
20230517_103652_jpg.rf.vL4u9zIjoCcmEsguOAvS.jpg,2
20230517_103653(0)_jpg.rf.1foobxLhBM7CaWCDh7eM.jpg,2
20230517_103653_jpg.rf.SqP7Ic42q2mp9Lh60kYc.jpg,2
20230517_103654(0)_jpg.rf.x7Dxe0Luc7boChwRxvHt.jpg,2
20230517_103654_jpg.rf.zkrRI1gvNXClN9gyS8SR.jpg,2
20230517_103659(0)_jpg.rf.Zi5syMz8BFbS1W3XaCbN.jpg,2
20230517_103659_jpg.rf.i5Oa9xJAaxoDWT5IumQM.jpg,2
20230517_103700(0)_jpg.rf.phwblwmXv389CUSENEuk.jpg,2
20230517_103700_jpg.rf.UQ8WZYrC8YX23J4V6cQB.jpg,2
20230517_103701(0)_jpg.rf.1oBQy0ct5mFRCKvNtgcZ.jpg,2
20230517_103701_jpg.rf.5HAkeXKWhvL3erFpHAUj.jpg,2
20230517_103702(0)_jpg.rf.mkYAbpfTY7koyTL5Md8E.jpg,2
20230517_103702_jpg.rf.5KjMsrswcy2j64n1iAGJ.jpg,2
20230517_103704_jpg.rf.wpcJAxHLZotZTpONPFNe.jpg,2
20230517_103708(0)_jpg.rf.vs1oLSXQNeZoyH3oQeG3.jpg,2
20230517_103708(1)_jpg.rf.tlAzEyCVBGeTmadhTr7h.jpg,2
20230517_103708_jpg.rf.Fb5PBVMEbLK9CZoQf2lO.jpg,2
20230517_103709(0)_jpg.rf.SZFj8O1ZYcloiESjTRhD.jpg,2
20230517_103709_jpg.rf.aU5Tn1oYEKVb4KSHFoO2.jpg,2
20230517_103710_jpg.rf.yTXNI6kTqwbA2ZkUvQIx.jpg,2
20230517_103711_jpg.rf.W7toFQzYiGu3mttWeEhK.jpg,2
20230517_103712(0)_jpg.rf.A4HGunVpKurQ5eMppSW4.jpg,2
20230517_103712_jpg.rf.xxkqB7YB04vXJMzgnskD.jpg,2
20230517_104054_jpg.rf.LOI2kp5WiTtJV1gBaqqm.jpg,2
20230517_104056(0)_jpg.rf.BoGtTXvUpkEziKtsCAEO.jpg,2
20230517_104056_jpg.rf.pydNsSMzHuiwa4Ylx6zL.jpg,2
20230517_104057(0)_jpg.rf.hnaVIxRE2xBvLvdvb0eJ.jpg,2
20230517_104057_jpg.rf.hfLCUXPIFB38ibjq3bFb.jpg,2
20230517_104058_jpg.rf.ISdIDyBZCg38NydEQO81.jpg,2
20230517_104059(0)_jpg.rf.xY8G19GnMRFepKYkAtnT.jpg,2
20230517_104059_jpg.rf.MfmrW0pwPITHTISlxfJm.jpg,2
20230517_104100_jpg.rf.O0ueCGX4jDwLFJAVjiWk.jpg,2
20230517_104109_jpg.rf.10Zul49MErSycxoHt8bk.jpg,1
20230517_104111(0)_jpg.rf.E7pGSETz2RZSMdnC463x.jpg,1
20230517_104117(0)_jpg.rf.tKjskNJojg8UWAEqa6SI.jpg,2
20230517_104117(1)_jpg.rf.4yS3AL1tDhoI4hzfuAox.jpg,2
20230517_104117_jpg.rf.MI6fDEGupA74nFeTxCtY.jpg,2
20230517_104118(0)_jpg.rf.zskBs4xavxDJwc1HxxF6.jpg,2
20230517_104118_jpg.rf.ulSKp7QLQ7v5ffGsziIr.jpg,2
20230517_104119(0)_jpg.rf.mnibFRG2gCsEQ4i3EtGQ.jpg,2
20230517_104119_jpg.rf.x0TLGVcc8fZNXCoqlUl6.jpg,2
20230517_104120_jpg.rf.7ZrUSizh4d6VFJGVJtpB.jpg,2
20230517_161732_jpg.rf.Qg12evInztVz6Bqc59A6.jpg,2
20230517_161735_jpg.rf.qTla2pBJxds5OMVMudpd.jpg,2
20230517_161739_jpg.rf.HfWzRLwm7XAB7dZZ9Iis.jpg,2
20230517_161741_jpg.rf.iVAcCLI9bScZsSPNDAm2.jpg,2
20230517_161744_jpg.rf.96yz0TeOYxzRDEljEgCj.jpg,2
20230517_161748_jpg.rf.T3r1Zb3aUaIvaF9jCFlP.jpg,2
20230517_161751_jpg.rf.n6ibQzm2vGqsY1PAXOrk.jpg,2
20230517_161754_jpg.rf.SjRdqXQK15xCKWKbO7O0.jpg,2
20230517_161756_jpg.rf.beJL2eJm58yZDGK5rtHh.jpg,2
20230517_161758_jpg.rf.6nyG8Q5fyKau43qD3NGJ.jpg,2
20230517_161759_jpg.rf.bSYvhUZPmATX3p7J7xce.jpg,2
20230517_161835_jpg.rf.er7Ge3WQOXuWMhVRnnHE.jpg,2
20230517_161836_jpg.rf.hfH4k0RxnFe7ixxTwT9Z.jpg,2
20230517_161837_jpg.rf.hCKLUcYZLY0EzMdsvBH1.jpg,2
20230517_161840_jpg.rf.XUEkdAiBqUDOVERytMyV.jpg,2
20230517_161844_jpg.rf.sQNxRDvPnZmg63KQtf53.jpg,2
20230517_161846_jpg.rf.UtSW3rQKTALLbAfjGmaK.jpg,2
20230517_161847_jpg.rf.KWWD8H0MbTHwKNCJ1h30.jpg,2
20230517_161848_jpg.rf.bHk4sF4Ena2fCWhQYOfs.jpg,2
20230517_161850_jpg.rf.ThR01oGVA7R0WDKamppO.jpg,2
20230517_161851_jpg.rf.T7BMHJW8aM3xBBTg5Ybm.jpg,2
20230517_161858_jpg.rf.YUjZ9nKVCWONpUHY2Kt1.jpg,2
20230517_161859_jpg.rf.AMfSzktijDR6JN0IoQX8.jpg,2
20230517_161901_jpg.rf.RY47QHhz9B6Tsa6jexa0.jpg,2
20230517_161902_jpg.rf.U6XXsCChpe63M1CwTu7m.jpg,2
20230517_161903_jpg.rf.IO0TeuaNKekhOzdzlZI5.jpg,2
20230517_161905_jpg.rf.VB95wHbhYmxP2yRv4D3Q.jpg,2
20230517_161910_jpg.rf.8GQVICLJWgaXymqYr2dt.jpg,2
20230517_161911_jpg.rf.s2EPhvRDGK3j6HItNHho.jpg,2
20230517_161912_jpg.rf.3Lk0ur9qZcxUjkQ5LCC6.jpg,2
20230517_161913_jpg.rf.NdB4LvrDdfDS5WCqPd0E.jpg,2
20230517_161915_jpg.rf.eFXxE7UcNkwGeGkabrE3.jpg,2
20230517_161918_jpg.rf.OHuK0APKt4HHk0oaMOZO.jpg,2
20230517_161920_jpg.rf.VAHiELiXG4jwaKXr6l34.jpg,2
20230517_161926_jpg.rf.qSCsvpPouuRIpaNrm5Vi.jpg,2
20230517_161927_jpg.rf.lhQy45LvMlTlkIvkRgy3.jpg,2
20230517_161929_jpg.rf.hog4XBunRs42kzdCUaPR.jpg,2
20230517_161930_jpg.rf.rJmE8Jd5nYqSLTUFiIQK.jpg,2
20230517_161931_jpg.rf.C4PWnxjlYM2ZE9uUNvJ3.jpg,2
20230517_161932_jpg.rf.7IyZTThz17XHiC1zdYkM.jpg,2
20230517_161934_jpg.rf.nFcTfdEG5RYHrCsk6Yh5.jpg,2
20230517_161935_jpg.rf.39Qi35QM9R0UiaH9baz2.jpg,2
20230517_161940_jpg.rf.p3V5mcMuVc9NNbVFMJ1D.jpg,2
20230517_161941_jpg.rf.GERhqXmEAgV16ucygJ4E.jpg,2
20230517_161943_jpg.rf.kD6lD1lUOCAT6fVYXcLN.jpg,2
20230517_161944_jpg.rf.jUtsGtxEkCSz3qfnFGmY.jpg,2
20230517_161945_jpg.rf.hanaNdPEQFrBqxdXISvM.jpg,2
20230517_161947_jpg.rf.sEBw2eL8b0brohVhPIID.jpg,2
20230517_161953_jpg.rf.7ScNdgL3xNXxaiC6RjzT.jpg,2
20230517_161954_jpg.rf.v6tzZJNMb9sZtzAZ6uC3.jpg,2
20230517_161955_jpg.rf.TAHZx583ol6hY24HgFZr.jpg,2
20230517_161956_jpg.rf.i2cW56eg9n2I4tfceWJs.jpg,2
20230517_161957_jpg.rf.TBckAVgbVHccZP5bwe8S.jpg,2
20230517_161959_jpg.rf.Jp930ZKbQGOknBRD01EY.jpg,2
20230517_162000_jpg.rf.VhosyfD5mLIetyd9ZnN2.jpg,2
20230517_162004_jpg.rf.UbkmExvkmLhOHWBvBT5S.jpg,2
20230517_162006(0)_jpg.rf.dZtomivMFa983wM9GWyW.jpg,2
20230517_162006_jpg.rf.a6W4oNR3Uca8oZQQcvQx.jpg,2
20230517_162007_jpg.rf.YKVGHyqxaEdljdkSz4zT.jpg,2
20230517_162008_jpg.rf.XJ0k8CCTxBzBw8tvGWTG.jpg,2
20230517_162009_jpg.rf.Gd6WhdY2w4bLoJvtjrg3.jpg,2
20230517_162017_jpg.rf.4dH47KqENa55z7BO0iPF.jpg,2
20230517_162018_jpg.rf.ZYOZMk5Vh94vW9a12pNj.jpg,2
20230517_162019_jpg.rf.VC3QzeCTAASQMA8A9ljU.jpg,2
20230517_162020_jpg.rf.aXT94MetgJUMhQEMVnAX.jpg,2
20230517_162021_jpg.rf.m7vQY4oXLceJ5vvt4o3y.jpg,2
20230517_162023_jpg.rf.W9rY5OPIOipBLLBp2LU2.jpg,2
20230517_162024_jpg.rf.3at8CVF9Y8JMndIWFxrI.jpg,2
20230517_162025_jpg.rf.CjkLUr0b4ayDf54L5vHF.jpg,2
20230517_162026_jpg.rf.5Ehh6n0AfjjXZJDSORJT.jpg,2
20230517_162027_jpg.rf.pNZ6MpEDpleDZLJd1r30.jpg,2
20230517_162028_jpg.rf.VXLcbw4s7wYCFzuuHWzR.jpg,2
20230517_162029_jpg.rf.ydZ4tefsf9uNEzo2S4ix.jpg,2
20230517_162034_jpg.rf.ObmOVCQnf4WXXfdRJCCE.jpg,2
20230517_162035_jpg.rf.3dryiLhR46yb1KQP4Dzg.jpg,2
20230517_162036_jpg.rf.klgnK4mvM1G7jY4upXx7.jpg,2
20230517_162037_jpg.rf.otd0eDue1ns0cSAhZgj2.jpg,2
20230517_162038_jpg.rf.ploLHve74KdCW76Q69oc.jpg,2
20230517_162039_jpg.rf.w7P9NUafQAzCaYSIs8KD.jpg,2
20230517_162040_jpg.rf.XBZLD1r3TO8Qw5agPaGt.jpg,2
20230517_162041_jpg.rf.OQRF24ccQ7KFXAQZws1j.jpg,2
20230517_162042_jpg.rf.XAJGtTpo0AVD7XT1gxmY.jpg,2
20230517_162043_jpg.rf.VLRwYrtxjzLr6tlAqZEf.jpg,2
20230517_162047_jpg.rf.bcWMxMJGvJ9xhkvNUiQS.jpg,2
20230517_162048_jpg.rf.pFNh2NhbB5pVQgNJOkfV.jpg,2
20230517_162049_jpg.rf.6CSIPFomhhOXf1qRucTd.jpg,2
20230517_162050_jpg.rf.7A9dfBas45qcPJtUtu7H.jpg,2
20230517_162051_jpg.rf.3fs7pEW0zT3NDqu5FsN9.jpg,2
20230517_162052_jpg.rf.zj1lsf3jQHhvWNzFOjBE.jpg,2
20230517_162053_jpg.rf.4lLt3VbPH1zUp3sVEZix.jpg,2
20230517_162054_jpg.rf.iV0ZG3M2ncnQaKHlSVar.jpg,2
20230517_162101_jpg.rf.aHoSEpkgGf6KQWPsN7yp.jpg,2
20230517_162102_jpg.rf.uCarZ9ItPUXXu7Mk4iXM.jpg,2
20230517_162103_jpg.rf.I4qmrGIb7OM6QXSc5z3H.jpg,2
20230517_162110_jpg.rf.vAWyR86j9fNpFQvbhlxT.jpg,2
20230517_162111_jpg.rf.5zTNyTJzEM8qqokyY6a3.jpg,2
20230517_162112_jpg.rf.UmG0bwbqMCoYbKdCErSi.jpg,2
20230517_162113_jpg.rf.MZLARCehTPuBdcHYPZQ3.jpg,2
20230517_162114_jpg.rf.hoXecCybaPjM0HpUhhAK.jpg,2
20230517_162116_jpg.rf.scPP3n6eMm8cOspDrMBH.jpg,2
20230517_162117_jpg.rf.3GsIp0Zco5IyNqlbfTIV.jpg,2
20230517_162119_jpg.rf.zmxZ50hrqq4rF5zWQTU3.jpg,2
20230517_162120_jpg.rf.5eREfIxVZabo4uQe7i7v.jpg,2
20230517_162123_jpg.rf.JdN9Jho9pJeolmvfEhRP.jpg,2
20230517_162124_jpg.rf.3iqpIREsgF0pmVvNgvK1.jpg,2
20230517_162126_jpg.rf.KjrsjzTYMWyRkn02c0iJ.jpg,2
20230517_162129_jpg.rf.ga0RvOORqbOSfAiKQyev.jpg,2
20230517_162141_jpg.rf.HHBfSzfnRciAjzM4bjxB.jpg,2
20230517_162143_jpg.rf.oa0hZO1QwCkbNN8FBP8X.jpg,2
20230517_162144_jpg.rf.ieHwl4skya38arylT12i.jpg,2
20230517_162146_jpg.rf.HJZtYVQZxFHHymqm6utZ.jpg,2
20230517_162147_jpg.rf.AoNaDFguRtCZqgzjUjEE.jpg,2
20230517_162149_jpg.rf.5nTZzGypr0LmX4g1ffFi.jpg,2
20230517_162150_jpg.rf.k4QwJCqJqHh6mtl27t3B.jpg,2
20230517_162155_jpg.rf.MJzzfGAvLWyVoRdGJn22.jpg,2
20230517_162156_jpg.rf.lawo0lQvZdEqUJoaWr1H.jpg,2
20230517_162157_jpg.rf.g3sWFuOH7CvuMY845JUe.jpg,2
20230517_162158_jpg.rf.GwcU8uE0llSWdZR8tPSB.jpg,2
20230517_162159_jpg.rf.sElEL9I142c0TSupWnPw.jpg,2
20230517_162200_jpg.rf.yu949xJBTg5NW90caY3T.jpg,2
20230517_162202_jpg.rf.zR6WzO0WqnF1btZcep9T.jpg,2
20230517_162203_jpg.rf.xdqUH7dPPtq4KShe7EnG.jpg,2
20230517_162207_jpg.rf.I2Rsk8VIhvajT6CWOcpF.jpg,2
20230517_162209_jpg.rf.xXFN3SDBL8F972PVcNcE.jpg,2
20230517_162212_jpg.rf.rv9OhZ9GTLg6uwBWnknd.jpg,2
20230517_162214_jpg.rf.txo7N4VIm0ijH1VjRd8Y.jpg,2
20230517_162215_jpg.rf.jLz3DwcUaPbzlV1lpD7b.jpg,2
20230517_162216_jpg.rf.7h3BSqJ6RkUGqcodtxG6.jpg,2
20230517_162218_jpg.rf.eyh4QgDWNMOAMrs0QzzW.jpg,2
20230517_162220_jpg.rf.lJmrAXPdvuDbh8x7ob6I.jpg,2
20230517_162227_jpg.rf.TI54FG83g9aWOffkUgm1.jpg,2
20230517_162228_jpg.rf.pa4iqymzDoBPvVa5cQPn.jpg,2
20230517_162230_jpg.rf.oylK98hoOzhGVZxHzST2.jpg,2
20230517_162231_jpg.rf.F3ZeCFxOYRzBDYNHqobT.jpg,2
20230517_162232_jpg.rf.q4wpZsACWI5Natycz1MO.jpg,2
20230517_162234_jpg.rf.VRzTumRttFzhc37jPQib.jpg,2
20230517_162235_jpg.rf.aa2Vt4eB2jGeuBOj74Y0.jpg,2
20230517_162245_jpg.rf.jFbA2zLgCCKXo8yKdeN2.jpg,2
20230517_162247_jpg.rf.15ygGk9evieLSe2eyVGp.jpg,2
20230517_162248_jpg.rf.U2VS8lphbJzHiibKG8bc.jpg,2
20230517_162250_jpg.rf.gOHJlhxNUBHXN7oNvFo7.jpg,2
20230517_162251_jpg.rf.n3BfVZGwQjmknFDCmaJH.jpg,2
20230517_162253_jpg.rf.5uNSlTbHCWfOycpjxGMP.jpg,2
20230517_162254_jpg.rf.VoNFNC6dfaZwmYtCZVKn.jpg,2
20230517_162256_jpg.rf.T8pguHhCHVDnnU3kUuGz.jpg,2
20230517_162303_jpg.rf.QI1iYLaweeh79mRIbfjA.jpg,2
20230517_162304_jpg.rf.ztBtHJ3avLCZfv6MW1W7.jpg,2
20230517_162305_jpg.rf.D5jcXXe1YlWwDVVZIP0M.jpg,2
20230517_162307_jpg.rf.t1i7AOqUPdslGZGPozvH.jpg,2
20230517_162308_jpg.rf.CH28KF5xq6h2mjPucrTj.jpg,2
20230517_162310_jpg.rf.Pm5NKKSEMY1hxL6VADRX.jpg,2
20230517_162311_jpg.rf.XjdFoSqRrbwaFslQLWgH.jpg,2
20230517_162313_jpg.rf.s6QyHwGHuE1pHNZ5zamt.jpg,2
20230517_162320_jpg.rf.NWeYUHKNByV3IJVXYXNh.jpg,2
20230517_162321_jpg.rf.F7252zeqwNXygkVC9OXj.jpg,2
20230517_162322_jpg.rf.LwRD2OmYjdAum4paTcNX.jpg,2
20230517_162323_jpg.rf.p88hVBqZ9mvVV0JYjYVA.jpg,2
20230517_162324_jpg.rf.ujAYZmUlDZUKuoifaJpG.jpg,2
20230517_162326_jpg.rf.Vn2pI54CfRmiHq5PDEO9.jpg,2
20230517_162327_jpg.rf.Uqy4puIWuir6qe9BBWvG.jpg,2
20230517_162329_jpg.rf.sbBLCJ1N1lYDFdVCPIbs.jpg,2
20230517_162330_jpg.rf.iKRjNLWqUjS05qjCJFlv.jpg,2
20230517_162335_jpg.rf.PlxmYv0IhqcRKqrWjRxP.jpg,2
20230517_162336_jpg.rf.5ENDQoZQAbf41YpkVNdI.jpg,2
20230517_162338_jpg.rf.pjLD8obYKCys3hT78WEQ.jpg,2
20230517_162339_jpg.rf.AThQ77LYrhAIbAzS4ml3.jpg,2
20230517_162340_jpg.rf.jz1tIIgUNuaC2XJLuDqa.jpg,2
20230517_162341_jpg.rf.MJylJ7J9rwYtJvULgFGB.jpg,2
20230517_162343_jpg.rf.uwiuR56zufq2zgPoRHmC.jpg,2
20230517_162344_jpg.rf.ETfl26m6QJwVz0V2sTII.jpg,2
20230517_162345_jpg.rf.H06sjmhYYJtbNkBvsfrM.jpg,2
20230517_162347_jpg.rf.Xhq5xS9Aq2yx8ujfUyL7.jpg,2
20230517_162348_jpg.rf.uii8M0C6sR4AACVGR2Up.jpg,2
20230517_162354_jpg.rf.NtMXocZURq9INa0LRZUI.jpg,2
20230517_162355_jpg.rf.tkvhF1UYyD4Hdc2qBCRU.jpg,2
20230517_162356_jpg.rf.zhxPSgkNDfUFZ56n6VwV.jpg,2
20230517_162359_jpg.rf.P0S8xGuPrJYPHtv490n7.jpg,2
20230517_162400_jpg.rf.FKxnijmB5qcaQrLrYWK7.jpg,2
20230517_162401_jpg.rf.hw4Vvsqm9lz7D8Rs1qhf.jpg,2
20230517_162403_jpg.rf.0WCNQimJpkJWeSHPiiNk.jpg,2
20230517_162404_jpg.rf.1ycvQWjdrPGqu0RY2tcf.jpg,2
20230517_162405_jpg.rf.Afbpy3Ag2wFNmda1aRgZ.jpg,2
20230517_162410_jpg.rf.7l8m8mem1gK8xQXBd53a.jpg,2
20230517_162412_jpg.rf.68WggKG1SW1l1QQBX6i4.jpg,2
20230517_162414_jpg.rf.EeSfFLPNo2Al2tMAdE8j.jpg,2
20230517_162415_jpg.rf.xHrVLcmy3tLWZgvMcXDW.jpg,2
20230517_162418_jpg.rf.jnPcEOFS6SV2qhR7dsVB.jpg,2
20230517_162419_jpg.rf.1BIgMtYNDxlULekWtVVj.jpg,2
20230517_162423_jpg.rf.Y8nLvyaM2BYbm0qy0tj4.jpg,2
20230517_162430_jpg.rf.gT9k6cSHv6BliQE7LXuo.jpg,2
20230517_162431_jpg.rf.uC07nZv9Akx6Mxy3wc45.jpg,2
20230517_162432_jpg.rf.pFslBAlAy8QpkTZ8n2ha.jpg,2
20230517_162434_jpg.rf.wRSy8VEHpYiP7RAHA6yk.jpg,2
20230517_162435_jpg.rf.eM4KGdqpbDmfyvAIQa4v.jpg,2
20230517_162436_jpg.rf.ETJO1YZLY6swjTmjdR3u.jpg,2
20230517_162438_jpg.rf.fmbInVebVIWxTV7b48Di.jpg,2
20230517_162439_jpg.rf.MYD2ZPpmIZRDOAm3HuRH.jpg,2
20230517_162441_jpg.rf.sGjG9H5M4eGaomXnSQGq.jpg,2
20230517_162446_jpg.rf.ELkpURVJ1jysVGYRc5Wm.jpg,2
20230517_162447_jpg.rf.Lm8gp3PDdbrndFcuOrn3.jpg,2
20230517_162448_jpg.rf.dd6dcmGHdtNGu2n5bgkX.jpg,2
20230517_162450_jpg.rf.1Lr9wX0lEbRRhP3xbpiR.jpg,2
20230517_162451_jpg.rf.50Z4OmymQTQ4RZjeUgYa.jpg,2
20230517_162452_jpg.rf.3xnmWHiU4k6xpvg2QUKW.jpg,2
20230517_162454_jpg.rf.qvEIduQogSEQolxu7gve.jpg,2
20230517_162500_jpg.rf.ccAleZHECP9Ylb6izc1D.jpg,2
20230517_162501_jpg.rf.yJAHH0WhGToaHvXoFRtc.jpg,2
20230517_162503_jpg.rf.q4qlP1cSN5qXGQIBXnJE.jpg,2
20230517_162504_jpg.rf.pyakQjKkJvgw7n8ulVCQ.jpg,2
20230517_162505_jpg.rf.S7m8nqvbwP6Nvhva5Fwb.jpg,2
20230517_162507_jpg.rf.IItOUJ5Xp5MP0UL0hWzh.jpg,2
20230517_162508_jpg.rf.1xAU2gcsorOQoNQqKysf.jpg,2
20230517_162509_jpg.rf.iak9d0TO2lxAOh7QVLLo.jpg,2
20230517_162511_jpg.rf.PHuBi4IYrebCou2n6rk9.jpg,2
20230517_162518_jpg.rf.ov6Z5UpQX89OV1xPnKZC.jpg,2
20230517_162519_jpg.rf.U0Uo1VAmWH7rZT9MiTew.jpg,2
20230517_162521_jpg.rf.2dwzm1i0lzn4pBOWwGMc.jpg,2
20230517_162522_jpg.rf.fPWrsQtAf4ELrzdWIpbA.jpg,2
20230517_162524_jpg.rf.tAM5gKBQdwB3KNfbS7xO.jpg,2
20230517_162525_jpg.rf.MScqKHAquiQ5grfu1JnS.jpg,2
20230517_162526_jpg.rf.2bhCNbkx8PJqoDmNBYck.jpg,2
20230517_162534_jpg.rf.maPcDw4FHnshLYCCMXRp.jpg,2
20230517_162538_jpg.rf.UnIkeeIrFSvwqAKSxbG7.jpg,2
20230517_162539_jpg.rf.1qCp89Y3ZQnKi5WeR0r3.jpg,2
20230517_162540_jpg.rf.fPzEVjn0Zhm7snYA59Mi.jpg,2
20230517_162541_jpg.rf.LIsUU71ZLiIf2w7VKCMu.jpg,2
20230517_162543_jpg.rf.tgk6OcEVwxh1BZjbC8pk.jpg,2
20230517_162544_jpg.rf.oKh0YTZ4sfLBbLemTvxe.jpg,2
20230517_162546_jpg.rf.mm9oR1Ts9yNu72onyH55.jpg,2
20230517_162547_jpg.rf.lVkjbGY6cDnjM6zQpUIO.jpg,2
20230517_162549_jpg.rf.52PtoOPwtH42arfg4fIb.jpg,2
20230517_162550_jpg.rf.SJRt3y3KdytwSvw9tkdO.jpg,2
20230517_162555_jpg.rf.trot5sRj6cxumpADIcPZ.jpg,2
20230517_162557_jpg.rf.Jyga1jDGVaVNxjMB7Bu2.jpg,2
20230517_162558_jpg.rf.Wuez73DaMnRpzeghxX3w.jpg,2
20230517_162559_jpg.rf.Onb9wWYYAA3sT6k6jGWQ.jpg,2
20230517_162601_jpg.rf.6kO7VZyl4j0Qm3uY2Uwx.jpg,2
20230517_162602_jpg.rf.T3Qng9L49mhOTFt2lpIq.jpg,2
20230517_162603_jpg.rf.8MdGaIExhiSB6pGjpT6H.jpg,2
20230517_162605_jpg.rf.OkTQtdjX4YFTw0eu0oOC.jpg,2
20230517_162606_jpg.rf.Tjdp9eQV9H5S9MmWaxpw.jpg,2
20230517_162607_jpg.rf.aStP3QFvy3GBITaPkRiG.jpg,2
20230517_162608_jpg.rf.8gT3T8JcGcCFVHYoSmNR.jpg,2
20230517_162639_jpg.rf.pBtwOWKTj0vagh7p1VAY.jpg,2
20230517_162640_jpg.rf.VT5FVWZbDOUEFifzEszp.jpg,2
20230517_162641_jpg.rf.uVM2VEo9AFPvBw8yp2wz.jpg,2
20230517_162643_jpg.rf.1mJjxzRsoUVc2RuLJezA.jpg,2
20230517_162644_jpg.rf.ygS5selsQ1937cpaR10D.jpg,2
20230517_162645_jpg.rf.QiK8tBgQL1EoAB4vO6I5.jpg,2
20230517_162646_jpg.rf.lgf8fpTv9riXpZU6QT8O.jpg,2
20230517_162647_jpg.rf.iwPsdk3VLWYKpjlqD8NT.jpg,2
20230517_162649_jpg.rf.b0QdT0c7PO9AAbezoKQq.jpg,2
20230517_162650_jpg.rf.ntcF8Whxo4gF94PhXFsf.jpg,2
20230517_162657_jpg.rf.U479CfU3ycD3TAS6fgIX.jpg,2
20230517_162659_jpg.rf.iqzAZNfKQmaQuS4cCvpA.jpg,2
20230517_162700_jpg.rf.VfDrnDCw4I5K0culMk6K.jpg,2
20230517_162701_jpg.rf.KjIjsqBagIDN0CmlcyVU.jpg,2
20230517_162703_jpg.rf.RjT1T3smHgrRFpiSb8Wi.jpg,2
20230517_162704_jpg.rf.lxCZhIKWmt00aASJ3Nmm.jpg,2
20230517_162705_jpg.rf.6Qr5neW82Ei7yhm5Nflo.jpg,2
20230517_162706_jpg.rf.CUEsSFqDsPftRqfQBfuG.jpg,2
20230517_162707_jpg.rf.pBCK6Rz0qXux2L1esCGk.jpg,2
20230517_162709_jpg.rf.8g4ZwWxKIHRiYgkcuMVD.jpg,2
20230517_162721_jpg.rf.fkouCOxU2DcmunkwMm2b.jpg,2
20230517_162722_jpg.rf.auqruaNhJesNsK2xO5DA.jpg,2
20230517_162723_jpg.rf.AsgxQAdfWuTeoblTGoGy.jpg,2
20230517_162724_jpg.rf.8oe21HWoj0qWkvxqUagM.jpg,2
20230517_162725_jpg.rf.mvvZlBSaD1Pttipbpsmo.jpg,2
20230517_162726_jpg.rf.MbCnjSS1bRQZqPnsWVHY.jpg,2
20230517_162727_jpg.rf.e1d55wEMCauOBw2qHWwe.jpg,2
20230517_162732_jpg.rf.HmnV3CxiqMy6J7glMlV0.jpg,2
20230517_162733_jpg.rf.aLGBY7l6dlaZxJCDXmWw.jpg,2
20230517_162735_jpg.rf.V9dgODRIfbFEQ0ZKAl7c.jpg,2
20230517_162736_jpg.rf.G1FaQxwYQAYohhpvP1YQ.jpg,2
20230517_162737_jpg.rf.gGq6vYDmm8aBKzsZqpC8.jpg,2
20230517_162739_jpg.rf.xaLgkIHzrADwztXZZUIb.jpg,2
20230517_162740_jpg.rf.95S3Y7PHXOmjxbbWq6XD.jpg,2
20230517_162742_jpg.rf.gOoaifEHquABSAyyMQNE.jpg,2
20230517_162751_jpg.rf.DPTuf1od4W7GkQmvWCXU.jpg,2
20230517_162753_jpg.rf.78H0Qt2pheWXsHTWvnlV.jpg,2
20230517_162757_jpg.rf.zxphRTl7H7P8o4LKW9wp.jpg,2
20230517_162759_jpg.rf.wPLuYpQPvuWc2jDUX5G5.jpg,2
20230517_162805_jpg.rf.zccoGkGaw0ozVFiA5U08.jpg,2
20230517_162807_jpg.rf.drZpY1VpnuFmjdkPbtat.jpg,2
20230517_162808_jpg.rf.4ctrRNV2qchxm7Iwspo6.jpg,2
20230517_162810_jpg.rf.lTHdJ9dByQh8He1vbAR3.jpg,2
20230517_162811_jpg.rf.pPEX6I5Ly74RkeCJnBeR.jpg,2
20230517_162813_jpg.rf.4L5Y8X2CCuu3ab3715hU.jpg,2
20230517_162814_jpg.rf.DX0MXQecdJv0FrrYRSEt.jpg,2
20230517_162815_jpg.rf.UtMGxEr25HTw8ODdheeV.jpg,2
20230517_162823_jpg.rf.cFiTNkGbWOoGd4djiEw9.jpg,2
20230517_162824_jpg.rf.sHqMAaZHEpzKf1R6gdep.jpg,2
20230517_162825_jpg.rf.ZmP9X8RmyyN0DTENlFge.jpg,2
20230517_162826_jpg.rf.39o40v9on6Fyzb3ZuOKx.jpg,2
20230517_162828_jpg.rf.bky0ezyJvsDWA9KtuE7J.jpg,2
20230517_162829_jpg.rf.266MvmF6sWy7jGpSAuOF.jpg,2
20230517_162830_jpg.rf.6A4QppcHvGu0RUr46qA3.jpg,2
20230517_162832_jpg.rf.tc3AQVFzHmJkPKLxxgOb.jpg,2
20230517_162833_jpg.rf.VaYrAuZsnzi3a5vl8h7B.jpg,2
20230517_162834_jpg.rf.wVwXwC8vIG9QSvpjJSQo.jpg,2
20230517_162835_jpg.rf.7U6E2diS4KtpiSXaz3BV.jpg,2
20230517_162836_jpg.rf.2i0FU9cE7i8XF12RNXQx.jpg,2
20230517_162838_jpg.rf.aRJ9f1W9E7VXhKYtIy8m.jpg,2
20230517_162839_jpg.rf.jKbCjhT2htY2Cy84d1sr.jpg,2
20230517_162851_jpg.rf.YZUczlBKVl7Gj7DotbB3.jpg,2
20230517_162852_jpg.rf.V7NAmmBxTicZGBluLlFK.jpg,2
20230517_162854_jpg.rf.5Pw0n7OeV2NXl89GZDBA.jpg,2
20230517_162900_jpg.rf.Gy4OECoS97O0layq2Tbj.jpg,2
20230517_162901_jpg.rf.to4EqsjXwJDvHF88zpsH.jpg,2
20230517_162903_jpg.rf.ERwonuSNk8jeMmsNMIij.jpg,2
20230517_162904_jpg.rf.uZ8quOrPYUnJSdTLIpZG.jpg,2
20230517_162905_jpg.rf.TuIUT8pMEEmzDT2cq28F.jpg,2
20230517_162906_jpg.rf.ebXx1BJ1cWUqwev9Zues.jpg,2
20230517_162908_jpg.rf.ABRx1H4hhb3DfMBccWyl.jpg,2
20230517_162909_jpg.rf.NsQM3Y102xqqmSsuu3NF.jpg,2
20230517_162915_jpg.rf.t74p1tk4yZuv6butn6vM.jpg,2
20230517_162916_jpg.rf.ZhINQo4oZYHmfT2Iqqvg.jpg,2
20230517_162917_jpg.rf.WLbRtY1cCtmBwr6BiiRU.jpg,2
20230517_162918_jpg.rf.Gf8WRqdLwgc3mEcGEf6A.jpg,2
20230517_162919_jpg.rf.0G0Y5wccerU80VBceoPk.jpg,2
20230517_162920_jpg.rf.zUElH8HS6HUynsL185NQ.jpg,2
20230517_162925_jpg.rf.sCWIfgGOrf1u7BtC5YA5.jpg,2
20230517_162926_jpg.rf.USpCDPGefDrsYArP4ByJ.jpg,2
20230517_162928_jpg.rf.5LjmsNN6dVru9vq4Ncja.jpg,2
20230517_162929_jpg.rf.zLctXrIUfYfc2VsTEyJJ.jpg,2
20230517_162931_jpg.rf.G2txTpu2lMOvFddJpEme.jpg,2
20230517_162932_jpg.rf.QhAMiMLMsOTB4BMkNQrV.jpg,2
20230517_162933_jpg.rf.ZaKINr3m4qR3MGAZM30U.jpg,2
20230517_162935_jpg.rf.EpMrNBGUqQWB8O3WKRpt.jpg,2
20230517_162936_jpg.rf.WWdOVjuRp39rUTRAJgDl.jpg,2
20230517_162944_jpg.rf.qxJmwR1ADMRbhItPgADa.jpg,2
20230517_162945_jpg.rf.d00rCchHycfwh1rv0XNJ.jpg,2
20230517_162946_jpg.rf.JkYKi8qGRIAo2KZcmMfe.jpg,2
20230517_162947_jpg.rf.jV0puxRPwP7x2VtD1h96.jpg,2
20230517_162949_jpg.rf.yZ3qSGrj5bucXwcoc5Dq.jpg,2
20230517_162950_jpg.rf.zmnyy3zk4K8MNGKpSe2Q.jpg,2
20230517_162955_jpg.rf.TqW5FeZSwbWLS5G8dA7p.jpg,2
20230517_162957_jpg.rf.HRfZpLMox0O5lkplN4qO.jpg,2
20230517_162958_jpg.rf.5Q6xwCrzAAwu8QKxHSAk.jpg,2
20230517_162959_jpg.rf.atGF97FoqDhLSolYInem.jpg,2
20230517_163000_jpg.rf.10vYrDzWh6LfUkVVq9Wk.jpg,2
20230517_163001_jpg.rf.ZciHUDvXsD80wvDaHN6r.jpg,2
20230517_163002_jpg.rf.mDQmVY23WJEa2k6238ca.jpg,2
20230517_163004_jpg.rf.PG4WnAiHKigorGSasmn8.jpg,2
20230517_163005_jpg.rf.hZwP5veWgVQqeCg8zVwB.jpg,2
20230517_163006_jpg.rf.OSCYj0Cho529EQE3TpDB.jpg,2
20230517_163007_jpg.rf.Oyk1ZE0F2p3X1YtwAcZE.jpg,2
20230517_163008_jpg.rf.jZSm2X6mGsowCI9YIPOf.jpg,2
20230517_163010_jpg.rf.WKX72VUj8JUOInVJ30na.jpg,2
20230517_163015_jpg.rf.q3ba1zdey3bpxhcO6mhC.jpg,2
20230517_163016_jpg.rf.P2iiy6lunhCeRZisU6W4.jpg,2
20230517_163017_jpg.rf.3oFai1ISG6DJ74kos4d0.jpg,2
20230517_163018_jpg.rf.m6MirhcJq40hgUSc37nw.jpg,2
20230517_163019_jpg.rf.McL8nkTPqruWYatQkqhW.jpg,2
20230517_163026_jpg.rf.6ZEIw1HtH2NV0jVcf1xb.jpg,2
20230517_163027_jpg.rf.ekwIKkX3wDS6HWdA2aXj.jpg,2
20230517_163029_jpg.rf.yf7K7VtoXgq9wO7KhxgX.jpg,2
20230517_163030_jpg.rf.K0D4ZpgR9AkUSP61dlXG.jpg,2
20230517_163031_jpg.rf.EW1V69ZY6XLG3zHtgHo1.jpg,2
20230517_163032_jpg.rf.umKC10yJNCBiyWrdgvWq.jpg,2
20230517_163033_jpg.rf.6eEpm8m3Q2e8hjDV100I.jpg,2
20230517_163034_jpg.rf.sqilRXsbxnQBgPVct1ks.jpg,2
20230517_163035_jpg.rf.O7FYDbpZgbmgM2GDEjKN.jpg,2
20230517_163036_jpg.rf.X13qo0T2Rwax7Tkzaia0.jpg,2
20230517_163041_jpg.rf.cIOo52Z12arAUWLT5qoc.jpg,2
20230517_163042_jpg.rf.k4ByYnfh6K1W3PuLa6lF.jpg,2
20230517_163043_jpg.rf.CcRZJT6CGLS9USxFx1vk.jpg,2
20230517_163044_jpg.rf.xC49lGQwxH4wjdaX9aL9.jpg,2
20230517_163046_jpg.rf.PMUdZEC2TMiAMGYwk5uU.jpg,2
20230517_163054_jpg.rf.x5PtCSmgUW6LADbSQG6b.jpg,2
20230517_163055_jpg.rf.PA2KasNuyW8EPVTG3ARn.jpg,2
20230517_163056_jpg.rf.Iqz2LbdViPy2DeAdo2T6.jpg,2
20230517_163057_jpg.rf.PDRwxwRJBVFOZHugplMR.jpg,2
20230517_163058_jpg.rf.XpgRL1Lxm99P8ymHWCB5.jpg,2
20230517_163100_jpg.rf.3fAFrMUN9mAkqnti75FY.jpg,2
20230517_163101_jpg.rf.6kb8OKcIDoB5FI4EKBNy.jpg,2
20230517_163102_jpg.rf.LNqkk0OBh3mLHXnPFtZg.jpg,2
20_2036-14-04-2023_API_v2_jpg.rf.da9yJeqd9qyC7ExD7Eje.jpg,1
20_v2_jpg.rf.x6W0KWxZku2II5Gi8viT.jpg,2
20_v3_jpg.rf.9RMw06i3ScoOyTORDS1m.jpg,2
20_v4_jpg.rf.tL8FFO8dsLSCYDskW1Ah.jpg,2
20_v5_jpg.rf.UA28Xn2QT1lxChAx1Mkh.jpg,2
20_v6_jpg.rf.bJXVTDFJgRZBKefs3Bly.jpg,2
21_0002-13-04-2023_API_v1_jpg.rf.DGJHaY0DMXViMuCafHnS.jpg,1
21_0002-13-04-2023_API_v2_jpg.rf.JEYa0A5uBZtRnUz4uIEj.jpg,1
21_0002-13-04-2023_API_v3_jpg.rf.7w4P8AelXeiAOCQrEysy.jpg,1
21_0002-13-04-2023_API_v4_jpg.rf.V4aD3HG2NWMlcLXpZmeo.jpg,1
21_1530-14-04-2023_API_v1_jpg.rf.7oV8nJWzEdmo41xnFvDJ.jpg,1
21_1530-14-04-2023_API_v2_jpg.rf.3oNXbNfipFCrYClHGFx6.jpg,1
21_1802-07-04-2023_API_v1_jpg.rf.vbhfhTITiU0mz4vMrev9.jpg,1
21_1802-07-04-2023_API_v3_jpg.rf.NFBGNGaDdV46sAIogWpc.jpg,1
21_1802-07-04-2023_API_v4_jpg.rf.2IBurSITAiRwIiVBNrje.jpg,1
21_1802-07-04-2023_API_v5_jpg.rf.12gsArDlDKkpEyqsktna.jpg,1
21_1802-07-04-2023_API_v6_jpg.rf.yt0FjVzVu06pmKUb1pqv.jpg,1
21_2036-14-04-2023_API_v1_jpg.rf.38VxLmfcFzKhb3DzQfaw.jpg,1
21_2036-14-04-2023_API_v2_jpg.rf.CLDvKZzO7PFaa6or4zvQ.jpg,1
21_v1_jpg.rf.4MrX66yzZv8XCyxpDrEh.jpg,2
21_v4_jpg.rf.H3u3yZz5I7p7c1PvBhvR.jpg,2
21_v5_jpg.rf.m72F3SxrYyVfd8wgj4Ao.jpg,2
22_0002-13-04-2023_API_v1_jpg.rf.YdXR2bh2LvoW6tzQFORF.jpg,1
22_0002-13-04-2023_API_v6_jpg.rf.Pdnu3ULPKIJZvD2Vqdzo.jpg,1
22_1530-14-04-2023_API_v1_jpg.rf.1bKPKyAK6JAq8w8lGtgG.jpg,1
22_1531-07-04-2023_API_v3_jpg.rf.ZATAyigmaz0qDxqqr5aT.jpg,1
22_1531-07-04-2023_API_v4_jpg.rf.snqRtBFiVdVK1pFpEOCF.jpg,1
22_v1_jpg.rf.O04uPUvScwXD9wcLoMzn.jpg,2
22_v2_jpg.rf.37V9jGeokrHfYPOkNxv2.jpg,2
22_v4_jpg.rf.DS5CN1cEfCL2zIUPtpwG.jpg,2
22_v5_jpg.rf.Y3OzZzP6b6xoy0NW2gMe.jpg,2
22_v6_jpg.rf.gQ5rNis8ksexWB5TdQ1x.jpg,2
23_0002-13-04-2023_API_v1_jpg.rf.JkuDefjQj1Vm0QBMhwvI.jpg,1
23_1530-14-04-2023_API_v2_jpg.rf.O8f2JFpi1AKWJiuEn5Sk.jpg,1
23_1531-07-04-2023_API_v1_jpg.rf.kvmtQGSMLe03zDl6R5u9.jpg,1
23_1531-07-04-2023_API_v2_jpg.rf.ZTc49h2jWsFTQpgZpiPH.jpg,1
23_1531-07-04-2023_API_v3_jpg.rf.vnYRLPClOTrIrgrwn27p.jpg,1
23_1531-07-04-2023_API_v6_jpg.rf.LXTEK8VcXvvxBfpSJrb4.jpg,1
23_1802-07-04-2023_API_v1_jpg.rf.iv3q8bz4xVxRqoe9D6Rq.jpg,1
23_1802-07-04-2023_API_v3_jpg.rf.thFNOdWwzxetMkpv867Y.jpg,1
23_1802-07-04-2023_API_v4_jpg.rf.yvHSVe5FDToprNyPsiFd.jpg,1
23_1802-07-04-2023_API_v5_jpg.rf.jzFe4X77MBex1HjMnMTD.jpg,1
23_1802-07-04-2023_API_v6_jpg.rf.dE4QmkyBlNpl7tBVvVjN.jpg,1
23_v3_jpg.rf.6VR8WVgoJErptfHSPyUp.jpg,1
23_v5_jpg.rf.U9vwfYmLlyIy5nDp5iwK.jpg,2
23_v6_jpg.rf.5l4qUYLUC6k6SY9ryVAL.jpg,2
24_1530-14-04-2023_API_v1_jpg.rf.pA6BLPPxuTpLBNKg3m10.jpg,1
24_1530-14-04-2023_API_v2_jpg.rf.FyDn4EIUJ7EqsgKk4ecY.jpg,1
24_1530-14-04-2023_API_v3_jpg.rf.MMg9hCmMUtqSzpNoPJLI.jpg,1
24_2036-14-04-2023_API_v1_jpg.rf.t5RNGQbYWfJ04Swsrx8R.jpg,1
24_2036-14-04-2023_API_v2_jpg.rf.xAuLLY0MrPKiWUf2lELg.jpg,1
24_v1_jpg.rf.eubg6F3otdPJqPz2oc7O.jpg,2
24_v2_jpg.rf.V924I9gIBi5Sa9GlF9ER.jpg,2
24_v3_jpg.rf.i0LCYbn4VJqojYd5MfUs.jpg,2
24_v4_jpg.rf.btip0w4RMdVhL99cjyyn.jpg,2
24_v5_jpg.rf.eRjFE2hrHNijyShJgBTy.jpg,2
24_v6_jpg.rf.FT2Ut83eECBp2djmJCIC.jpg,2
25_1530-14-04-2023_API_v2_jpg.rf.cMn6W8wHusOHeo35ey3a.jpg,1
25_2036-14-04-2023_API_v2_jpg.rf.5EKZlnhn7u92UqQPO2B3.jpg,1
25_v2_jpg.rf.wz2NCUKuCXMzHxogtzOK.jpg,2
25_v4_jpg.rf.Mv26KIg2EvMtyBMmvEnr.jpg,2
25_v6_jpg.rf.w3X7t44tShiElX9fQqZS.jpg,2
26_1530-14-04-2023_API_v1_jpg.rf.PJMY8187GAg0LkVZOvwe.jpg,1
26_1530-14-04-2023_API_v3_jpg.rf.D0IpNFoE3cPEmwcmQAKH.jpg,1
26_2036-14-04-2023_API_v3_jpg.rf.fQAduRXSlEdxhVxamCBl.jpg,1
26_v4_jpg.rf.23Jt7sKUPzCfzgsk26Lu.jpg,2
26_v6_jpg.rf.GdsK77XBMgYL5kNH0r8M.jpg,2
27_1530-14-04-2023_API_v3_jpg.rf.Q6ueGXkeIF2UeeWxEvUI.jpg,1
27_2036-14-04-2023_API_v1_jpg.rf.EKf8mhkbXLedjem0hKv6.jpg,1
27_2036-14-04-2023_API_v3_jpg.rf.8OUu5Di8LznUj0eVxbkd.jpg,1
27_v1_jpg.rf.eHSzyfHYvjLWCFgkV3Xy.jpg,2
27_v2_jpg.rf.dxyNAL5yorZfVeTToDF9.jpg,2
27_v3_jpg.rf.XKXnwkNiCQOaA8bkedoN.jpg,2
27_v4_jpg.rf.m3O9n8cdgHuyF2NkZL3c.jpg,2
27_v5_jpg.rf.9OKgIIZQoVSn9agxtZWB.jpg,2
28_2036-14-04-2023_API_v1_jpg.rf.dGEkVjPUNVfwf3ibVvZ2.jpg,1
28_v1_jpg.rf.xGSJU5djwgEfAEdnmyFy.jpg,2
28_v2_jpg.rf.ukgfiR2hkLjB4DhrZbcK.jpg,2
28_v5_jpg.rf.CMDtYXUOjTbig87A8iJy.jpg,2
28_v6_jpg.rf.1lpQnY6jyf8cMbZhS6V5.jpg,2
29_1530-14-04-2023_API_v1_jpg.rf.H4miWJwGN5FLybAJ7WPx.jpg,1
29_1530-14-04-2023_API_v2_jpg.rf.HBeuNEVUQzBFdCnORp8d.jpg,1
29_1530-14-04-2023_API_v3_jpg.rf.YhNsyiuYYMQ7C5gqGvk3.jpg,1
29_2036-14-04-2023_API_v1_jpg.rf.CWL0TXIvxjfSqOrwrkAr.jpg,1
29_2036-14-04-2023_API_v3_jpg.rf.1qP8Ipu8cl3xt2J9Gh3o.jpg,1
29_v1_jpg.rf.AZ7IwiBWfIxId2Nz0aLs.jpg,2
29_v3_jpg.rf.XuT7aCLWqEZapXepvzOw.jpg,2
29_v4_jpg.rf.1PFANDmkOUQYFOnN82GB.jpg,2
2_0002-13-04-2023_API_v1_jpg.rf.FbsVHlIdXnDsMSFPazd5.jpg,1
2_0002-13-04-2023_API_v2_jpg.rf.TWw0aMarPuGDZMMZUkxQ.jpg,1
2_0002-13-04-2023_API_v3_jpg.rf.L3Hi0g4LaXwlP1IyJjrw.jpg,1
2_0002-13-04-2023_API_v4_jpg.rf.SEQQmFCvpu8R22eCC0wb.jpg,1
2_0002-13-04-2023_API_v5_jpg.rf.0oV6g2Jpxz1OvKOXcoXh.jpg,1
2_0002-13-04-2023_API_v6_jpg.rf.KCT2EHViusbznK5pksjQ.jpg,1
2_1530-14-04-2023_API_v2_jpg.rf.jOOfLlPjwQ2EoVI8rvgn.jpg,1
2_1530-14-04-2023_API_v3_jpg.rf.JEoO7TjEsFvhOPuA3aqu.jpg,1
2_1531-07-04-2023_API_v1_jpg.rf.mIG3akQeXxpOU0IDEvuH.jpg,1
2_1531-07-04-2023_API_v2_jpg.rf.LECDOdfNnaBxlcBG4wI8.jpg,1
2_1531-07-04-2023_API_v3_jpg.rf.r6376lZFClltwMbTXIyV.jpg,1
2_1531-07-04-2023_API_v4_jpg.rf.mXFpTtQz3BVNwAoZVB2O.jpg,1
2_1531-07-04-2023_API_v5_jpg.rf.6hk2DehgpBMPLg2jdhdp.jpg,1
2_v2_jpg.rf.qYYc3VWfXdzVqyq6YbJl.jpg,2
2_v4_jpg.rf.7M20PaRAZvqTcQlvAXnp.jpg,2
2_v5_jpg.rf.C3hzvqKkP2hyu8fQ1UBC.jpg,2
2_v6_jpg.rf.Br2zyDv4MDuD9zmnZyQz.jpg,2
31_1530-14-04-2023_API_v2_jpg.rf.vWLfVRJgcrxGE0BrAswh.jpg,1
32_1530-14-04-2023_API_v1_jpg.rf.wxrx79nblUM1dEAsRQH9.jpg,1
32_1530-14-04-2023_API_v2_jpg.rf.2CNSUSzfLi7ohX37jvNv.jpg,1
33_1530-14-04-2023_API_v1_jpg.rf.quNrm3SBFfm2VyVwvzuL.jpg,1
33_1530-14-04-2023_API_v2_jpg.rf.KSoXVpBmTZSfoSahJzVf.jpg,1
33_1530-14-04-2023_API_v3_jpg.rf.jIylE80sYoiYPmrylViW.jpg,1
34_1530-14-04-2023_API_v1_jpg.rf.g1NPluJIY6lc4MuBqYL5.jpg,1
34_1530-14-04-2023_API_v2_jpg.rf.BP7vSLnm7r1zXYVxndi0.jpg,1
34_1530-14-04-2023_API_v3_jpg.rf.b4V0tEWSyXZw1DczcSH3.jpg,1
35_1530-14-04-2023_API_v1_jpg.rf.7LOLpHFo9KmXILxlQxWK.jpg,1
35_1530-14-04-2023_API_v2_jpg.rf.Uq9eiKub5TGfQ8kw8n96.jpg,1
35_1530-14-04-2023_API_v3_jpg.rf.EzukXfMEPI2raJCp0Gba.jpg,1
35_2036-14-04-2023_API_v1_jpg.rf.EWApeJnzHcPbg2LMUBRw.jpg,1
36_1530-14-04-2023_API_v1_jpg.rf.jear1p8nOwU92W0wGDyl.jpg,1
36_1530-14-04-2023_API_v2_jpg.rf.NvwY7mD83ZljYcps6jsm.jpg,1
36_1530-14-04-2023_API_v3_jpg.rf.0M5gmIbdzAUjFXLqjYdY.jpg,1
36_2036-14-04-2023_API_v1_jpg.rf.0iMPJ2zcrTPbnYVN55CU.jpg,1
36_2036-14-04-2023_API_v2_jpg.rf.SdLDmaN3H8giETQ3xRm0.jpg,1
38_1530-14-04-2023_API_v2_jpg.rf.gsrfTivYykaYRws2iNjU.jpg,1
38_2036-14-04-2023_API_v1_jpg.rf.F8TyUUj7zAIvyztgeXSj.jpg,1
38_2036-14-04-2023_API_v2_jpg.rf.yzVvP6WMUttk51pSQNwX.jpg,1
38_2036-14-04-2023_API_v3_jpg.rf.4k9XNyjcYr1fpBaiVanb.jpg,1
39_1530-14-04-2023_API_v2_jpg.rf.1xq1ZWXwFS8WKPHGOUug.jpg,1
39_1530-14-04-2023_API_v3_jpg.rf.3MMUnWKdtyMWTu3vOT5v.jpg,1
39_2036-14-04-2023_API_v1_jpg.rf.lL2qpntkQPdhnDDcDw0V.jpg,1
39_2036-14-04-2023_API_v3_jpg.rf.sfDkoNuFjP8VjUxTyr3G.jpg,1
3_0002-13-04-2023_API_v1_jpg.rf.GYFfyKairA85yy33OV6x.jpg,1
3_0002-13-04-2023_API_v2_jpg.rf.inIqGK8kL4LJdHfBOv0F.jpg,1
3_0002-13-04-2023_API_v3_jpg.rf.qZde4YrJukxYhEM18dDO.jpg,1
3_0002-13-04-2023_API_v4_jpg.rf.gMX6XfzIgk9SMqwXzKBU.jpg,1
3_0002-13-04-2023_API_v5_jpg.rf.XZlcv5XTzDZEqzqqPs3a.jpg,1
3_0002-13-04-2023_API_v6_jpg.rf.RamCfJp8qvw5eh98DoOf.jpg,1
3_1530-14-04-2023_API_v2_jpg.rf.6xWqhlGLVh6ir1B6YtXj.jpg,1
3_1531-07-04-2023_API_v1_jpg.rf.yT51oTeb34y2as5xfbgd.jpg,1
3_1531-07-04-2023_API_v2_jpg.rf.KfDQgKXPk9noiUVUVx5o.jpg,1
3_1531-07-04-2023_API_v3_jpg.rf.DCALZIBHR9sqtbRhzJ4H.jpg,1
3_1531-07-04-2023_API_v4_jpg.rf.nunoupKd3XwVDrZ34oBl.jpg,1
3_1531-07-04-2023_API_v5_jpg.rf.lm3xFr4WxtSRuPPyW0yo.jpg,1
3_1531-07-04-2023_API_v6_jpg.rf.UiOF8fqDycyJCG9hdzQm.jpg,1
3_1802-07-04-2023_API_v1_jpg.rf.VPdJ91mziqdqofMuvmDd.jpg,1
3_1802-07-04-2023_API_v4_jpg.rf.qy61l7bihI7AUhV8IZ3P.jpg,1
3_1802-07-04-2023_API_v5_jpg.rf.Wb4JECakCiW7WtiRrcSx.jpg,1
3_1802-07-04-2023_API_v6_jpg.rf.VdrqEH0mU0r9yhEfO1Uo.jpg,1
3_2036-14-04-2023_API_v2_jpg.rf.TgJg3n9YK44Xy7obnzmS.jpg,1
3_2036-14-04-2023_API_v3_jpg.rf.Jnn14yJheUOCxyyrWj59.jpg,1
40_1530-14-04-2023_API_v1_jpg.rf.qq9lnBHD4toqqPhwWF4a.jpg,1
40_1530-14-04-2023_API_v3_jpg.rf.puKQ6IG9tqg05mpopU13.jpg,1
40_2036-14-04-2023_API_v2_jpg.rf.GmUbW8szXZq6LokXhKpr.jpg,1
40_2036-14-04-2023_API_v3_jpg.rf.oOgCq3VvWbBZF4Ity3MR.jpg,1
41_1530-14-04-2023_API_v1_jpg.rf.Uv6KxbP2A4bFUlHofRp3.jpg,1
41_1530-14-04-2023_API_v2_jpg.rf.Pj1SFsoqTfl9xOxQe47V.jpg,1
41_1530-14-04-2023_API_v3_jpg.rf.ldhCYHlkflXoDYQkl1sk.jpg,1
41_2036-14-04-2023_API_v1_jpg.rf.MLVklsvpRDYyX11yZ8gG.jpg,1
41_2036-14-04-2023_API_v2_jpg.rf.B5rRuxl3Wmt3rkF9C7wE.jpg,1
42_1530-14-04-2023_API_v1_jpg.rf.U20XORHcZZRbOkM2y3ln.jpg,1
42_2036-14-04-2023_API_v2_jpg.rf.CnFOLNuJcRCnmL4C1gfY.jpg,1
43_1530-14-04-2023_API_v1_jpg.rf.czwjx1T5e0iOtSJAvfOb.jpg,1
43_2036-14-04-2023_API_v1_jpg.rf.JzJxys4CBkmaCkGX5OeT.jpg,1
43_2036-14-04-2023_API_v3_jpg.rf.evwqZfIN0n6QSTWAFwxP.jpg,1
44_1530-14-04-2023_API_v1_jpg.rf.shUsSPbE31ZEIHhteEGZ.jpg,1
44_2036-14-04-2023_API_v1_jpg.rf.5Y8Spj2TZDPWDXvDcQt5.jpg,1
44_2036-14-04-2023_API_v2_jpg.rf.B2u2LomZ9x6ch5dgJeEW.jpg,1
45_1530-14-04-2023_API_v3_jpg.rf.1n1w9o0w8mWkMbuq63ZE.jpg,1
45_2036-14-04-2023_API_v3_jpg.rf.LCfJPfrEB27v7WDANXRJ.jpg,1
46_1530-14-04-2023_API_v2_jpg.rf.LIu13uvHPOqJp7GFqyfA.jpg,1
46_2036-14-04-2023_API_v3_jpg.rf.fFQ249VLc2eT5rBuizL9.jpg,1
47_2036-14-04-2023_API_v3_jpg.rf.UuboR4qDg8ADcQKPDMhf.jpg,1
48_1530-14-04-2023_API_v1_jpg.rf.g3SPpfnP6u1FAVli8nh4.jpg,1
48_1530-14-04-2023_API_v2_jpg.rf.mPjU8TbURna7fEkWUB2N.jpg,1
48_2036-14-04-2023_API_v2_jpg.rf.vGDI8qZ79YSRMAdo3Rjm.jpg,1
49_1530-14-04-2023_API_v1_jpg.rf.JvauzXcGAZxi46sDBQBw.jpg,1
49_1530-14-04-2023_API_v2_jpg.rf.YApEYetjsyxfkRw58yzW.jpg,1
4_0002-13-04-2023_API_v1_jpg.rf.HpICG7mOoYIOOBukKtmL.jpg,1
4_0002-13-04-2023_API_v2_jpg.rf.gpArdj87sRgeq2Hknmto.jpg,1
4_0002-13-04-2023_API_v3_jpg.rf.wAEcANr74XB8RCh2ElqQ.jpg,1
4_0002-13-04-2023_API_v4_jpg.rf.DvQXtgIJtKcQGjEe7dCE.jpg,1
4_0002-13-04-2023_API_v5_jpg.rf.xGuMiBWI9uXbuJKhsdZn.jpg,1
4_0002-13-04-2023_API_v6_jpg.rf.Ph3LhfQsOvfBgAvt2CzO.jpg,1
4_1530-14-04-2023_API_v1_jpg.rf.DECadZsOH3wUqbNzNtpU.jpg,1
4_1530-14-04-2023_API_v2_jpg.rf.IMgLiPXV6yyctg1u2gJ6.jpg,1
4_1530-14-04-2023_API_v3_jpg.rf.dUKS0EPjrebmEg9QDKg1.jpg,1
4_1531-07-04-2023_API_v1_jpg.rf.9aGEVgC8rRamcr7mdvEW.jpg,1
4_1531-07-04-2023_API_v2_jpg.rf.WrbGlQ7unqtvmQclDwky.jpg,1
4_1531-07-04-2023_API_v3_jpg.rf.sTW0IuLRkzkhxk6vOw31.jpg,1
4_1531-07-04-2023_API_v4_jpg.rf.fpspXQEXn5fjwANWIu5o.jpg,1
4_1531-07-04-2023_API_v6_jpg.rf.bQ0P2qMqBGtEQp8ocRHl.jpg,1
4_2036-14-04-2023_API_v1_jpg.rf.VoLqgM03Mn89dqGmV754.jpg,1
4_2036-14-04-2023_API_v3_jpg.rf.mQ0FLEnHuHc72g47wRRg.jpg,1
50_1530-14-04-2023_API_v1_jpg.rf.jJYZ6B1Nv5i5Ygl52Xj0.jpg,1
50_1530-14-04-2023_API_v2_jpg.rf.CEJVwf1BizZbdBbVkW4C.jpg,1
50_1530-14-04-2023_API_v3_jpg.rf.rNJd1RDWYswAKSGXUwzh.jpg,1
5_0002-13-04-2023_API_v1_jpg.rf.Hchvf0P766egLLd78KsT.jpg,1
5_0002-13-04-2023_API_v2_jpg.rf.l8TK7fRNvt8yIopzNTJg.jpg,1
5_0002-13-04-2023_API_v6_jpg.rf.iWp2KBD7PCWHwROJmPHg.jpg,1
5_1530-14-04-2023_API_v3_jpg.rf.RDLSxHGSRTAZZdTMKjKC.jpg,1
5_1531-07-04-2023_API_v1_jpg.rf.rDsAhN3ZaddqgKjprFED.jpg,1
5_1531-07-04-2023_API_v2_jpg.rf.plPlLYB6hblXuGjIEpnq.jpg,1
5_1802-07-04-2023_API_v1_jpg.rf.jwG7xGfPQeCUD0ddYsvC.jpg,1
5_1802-07-04-2023_API_v2_jpg.rf.CA1KMHRBlEckpJXN9978.jpg,1
5_2036-14-04-2023_API_v2_jpg.rf.kQhH3I1gY8KGYc9LM7nd.jpg,1
5_2036-14-04-2023_API_v3_jpg.rf.b42Rr033CVtDzqIv3fdg.jpg,1
6_0002-13-04-2023_API_v1_jpg.rf.ee564ugioobKf3MXr9cm.jpg,1
6_0002-13-04-2023_API_v2_jpg.rf.9POnNWJC4VkweDM578mg.jpg,1
6_0002-13-04-2023_API_v3_jpg.rf.kdKqeRMdOLakHJHdmkXc.jpg,1
6_0002-13-04-2023_API_v4_jpg.rf.kRyjeYLattKkTI9BIZAE.jpg,1
6_0002-13-04-2023_API_v5_jpg.rf.sxxeMaUvUfIHPHPoBhOG.jpg,1
6_0002-13-04-2023_API_v6_jpg.rf.DFWSAx602mF1aWRooBv3.jpg,1
6_1530-14-04-2023_API_v1_jpg.rf.AG1bZH4qGBCFuVBU0A5M.jpg,1
6_1530-14-04-2023_API_v2_jpg.rf.c1bGtRzKhN92xILgYDVG.jpg,1
6_1530-14-04-2023_API_v3_jpg.rf.r2F4fnVRn6gzVUZ2UJTr.jpg,1
6_1531-07-04-2023_API_v5_jpg.rf.0DKwSh7zHgVkRo5KXzuz.jpg,1
6_1531-07-04-2023_API_v6_jpg.rf.BtKdqXKzT1Uza9btSfAp.jpg,1
6_2036-14-04-2023_API_v1_jpg.rf.vaOmHg22Wi1mBEviTqgR.jpg,1
6_2036-14-04-2023_API_v3_jpg.rf.IRicnOMpFmKidE8dVAbP.jpg,1
7_0002-13-04-2023_API_v1_jpg.rf.lwsg5J496ADgShKn1H0J.jpg,1
7_0002-13-04-2023_API_v2_jpg.rf.5zMHwnVciaplmBu88wgv.jpg,1
7_0002-13-04-2023_API_v3_jpg.rf.Es0q7iRtDqPUi7I6KtXG.jpg,1
7_0002-13-04-2023_API_v4_jpg.rf.qaAUTV6QvLBdOuRY8uEK.jpg,1
7_0002-13-04-2023_API_v5_jpg.rf.KuGHbNWc0lQqWcNDuE1a.jpg,1
7_0002-13-04-2023_API_v6_jpg.rf.bb5bvEyTsBGRgjR6AzXp.jpg,1
7_1530-14-04-2023_API_v1_jpg.rf.rSM6DtEuJEcNxmuFow2u.jpg,1
7_1530-14-04-2023_API_v2_jpg.rf.BLg64b1WSBIu3HopWEsl.jpg,1
7_1530-14-04-2023_API_v3_jpg.rf.Ld6T0LTezSMU9AzjtPZB.jpg,1
7_1531-07-04-2023_API_v4_jpg.rf.C77aFF2nj0oXDFphGz4T.jpg,1
7_1531-07-04-2023_API_v5_jpg.rf.dqzwAjLNfCvI47o7fmKn.jpg,1
7_1531-07-04-2023_API_v6_jpg.rf.9M1NIcZUWweQmsAMzJLx.jpg,1
7_1802-07-04-2023_API_v1_jpg.rf.0VtgIq7ApAcRDGnQs8Rx.jpg,1
7_1802-07-04-2023_API_v2_jpg.rf.l1wh5PhbgUJeMEAyO5VV.jpg,1
7_1802-07-04-2023_API_v6_jpg.rf.SlR4BKYv4A635zejsW2O.jpg,1
7_2036-14-04-2023_API_v2_jpg.rf.Z8WndCwayN9mSU9Xpj0Y.jpg,1
7_2036-14-04-2023_API_v3_jpg.rf.LyEi2U7Cj2Wam0JzuyLh.jpg,1
8_0002-13-04-2023_API_v2_jpg.rf.bP1BaQF63jzDDAg9Kfpo.jpg,1
8_0002-13-04-2023_API_v4_jpg.rf.eOSKwIXBotnVwQwqpQMO.jpg,1
8_0002-13-04-2023_API_v6_jpg.rf.F3m3nHwaJi5MXGqtCg4n.jpg,1
8_1530-14-04-2023_API_v1_jpg.rf.EyDu5knYFNS5yEzSRkM9.jpg,1
8_1531-07-04-2023_API_v1_jpg.rf.wchCUSX4zMdt1gEL98Oc.jpg,1
8_1531-07-04-2023_API_v4_jpg.rf.0nagp9F1sTlAIQ8T389f.jpg,1
8_1531-07-04-2023_API_v6_jpg.rf.9QWbBHUDkHQuzbWu3ajS.jpg,1
8_1802-07-04-2023_API_v2_jpg.rf.JIRtsIqqwwVKGWzPlF9r.jpg,1
8_1802-07-04-2023_API_v3_jpg.rf.T3W3ImIXS8mki9zdN3bM.jpg,1
8_1802-07-04-2023_API_v4_jpg.rf.XG2R5eR3dzOyte9OSKbW.jpg,1
8_2036-14-04-2023_API_v1_jpg.rf.ova1Pn4FYis89EQH2y82.jpg,1
9_0002-13-04-2023_API_v1_jpg.rf.GM1bQBNCDdTRGW3fPJli.jpg,1
9_0002-13-04-2023_API_v2_jpg.rf.IkwrOjTqUkzt7ZYoC8S2.jpg,1
9_0002-13-04-2023_API_v3_jpg.rf.DAm9jagn9y8GPfJ7TwsU.jpg,1
9_1531-07-04-2023_API_v2_jpg.rf.1wM39iGFCP7mFH9KjWb2.jpg,1
9_1531-07-04-2023_API_v4_jpg.rf.oW1h7FekkuJ6O84GCg0r.jpg,1
9_1531-07-04-2023_API_v5_jpg.rf.96jO6PHob2nfpH4ohWcZ.jpg,1
9_1802-07-04-2023_API_v1_jpg.rf.HoHdJyArhAjzPYQdRJ5E.jpg,1
9_1802-07-04-2023_API_v2_jpg.rf.rvkGex5NSnTrqM724u7x.jpg,1
9_1802-07-04-2023_API_v4_jpg.rf.vWcsmXZMIbMtBEWW1EKs.jpg,1
IMG_0046_jpg.rf.JzpUsgkyTBmk9uwQCnnk.jpg,3
IMG_0053_nobg_10dg_jpg.rf.zkMQ5fcrHYUAMF97Y3Xy.jpg,4
IMG_0054_nobg_10dg_jpg.rf.vnZ4U3STQdU27E0VdbTo.jpg,4
IMG_0056_nobg_jpg.rf.wp9jZCQW0uQFsl2UWR5o.jpg,4
IMG_0057_nobg_jpg.rf.WD9xBDchTv3mt6K9YrRe.jpg,4
IMG_0058_nobg_jpg.rf.tQLovnhvxWM5jzarihyI.jpg,4
IMG_1605_jpg.rf.ZQrs1smyWzKudKFLj17K.jpg,3
IMG_1606_jpg.rf.kVbZUa3Xq25QNBgGrsWA.jpg,3
IMG_1607_jpg.rf.CYIlAcVSVVsEysMqNPK1.jpg,3
IMG_1608_jpg.rf.pWonrFp4x45yVeEX6zYj.jpg,3
IMG_1609_jpg.rf.KuihqxBCsfpsZnh7Ltq0.jpg,3
IMG_1613_jpg.rf.a6GUoNdhTI1beYJKiInF.jpg,3
IMG_1627_jpg.rf.GMp78HTTywK3QDMnpQzQ.jpg,3
IMG_20230226_125000_jpg.rf.git4YfPPbVE993rfb6Dj.jpg,2
IMG_20230226_125007_jpg.rf.OmByMj83motBBscON1Lt.jpg,2
IMG_20230226_125017_jpg.rf.4PS8ERb9yvA1QtKwCzVM.jpg,2
IMG_20230226_125031_jpg.rf.xLE7MjH3UmEXQqi2xfXE.jpg,2
IMG_20230309_182801_jpg.rf.eClJjIwwH8kixR1ZofPm.jpg,2
IMG_20230309_182815_jpg.rf.fqoh2WBJFVq5LyeNogNs.jpg,2
IMG_20230309_182820_jpg.rf.5T64OZOE2uoH5VesxrIy.jpg,2
IMG_20230309_182856_jpg.rf.FGMdudAtW4ywg9VF9LOe.jpg,2
IMG_20230309_182930_jpg.rf.lPS22Qt5KjliASMpIZ2Y.jpg,2
IMG_20230309_182948_jpg.rf.X4h6FikgGHMIljXzF995.jpg,2
IMG_20230309_182956_jpg.rf.0CSE7k0bZs2Z1CBlH3Wu.jpg,2
IMG_20230309_183004_jpg.rf.SAXiBemYHEVkzukCmPil.jpg,2
IMG_20230309_183013_jpg.rf.jhvvGXFcf9p706gKDtUH.jpg,2
IMG_20230309_183022_jpg.rf.3ikRWLhbEnJQUqct5Dj1.jpg,2
IMG_20230309_183054_jpg.rf.ptdalQn63XUxbKwTB8aR.jpg,2
IMG_20230309_183102_jpg.rf.IIDOpxVRN5OxLGDRImbi.jpg,2
IMG_20230309_183128_jpg.rf.0fctziHOKEPK6vaW8WhB.jpg,2
IMG_20230309_183153_jpg.rf.TlXgZuV7lIchkx2EyB3b.jpg,2
IMG_20230309_183206_jpg.rf.MIvOuJksI05Bh3vy3afD.jpg,2
IMG_20230309_183216_jpg.rf.zMhjM0oCncRreB6ivI5f.jpg,2
IMG_20230309_183221_jpg.rf.eAdL61i0BTnN5zFwzoAn.jpg,2
IMG_20230309_183243_jpg.rf.5SBH52jyQwHutLRDkxzi.jpg,2
IMG_20230309_183305_jpg.rf.vKaYll0YlIbMB49jswBn.jpg,2
IMG_20230309_183350_jpg.rf.OZDqtfl5ND0VXIB5wpaN.jpg,2
IMG_20230309_183354_jpg.rf.UL024ZQ9gyJ8viJ3tcKM.jpg,2
IMG_20230309_183359_jpg.rf.wFsE7lGLUqDilm2110KI.jpg,2
IMG_20230309_183405_jpg.rf.u7JrQdUicmemcGSTjUoH.jpg,2
IMG_20230309_183408_jpg.rf.2cLJuTeLnzpUtDfw8pft.jpg,2
IMG_20230309_183425_jpg.rf.C3V8qNNOkkXZPXZrcaZr.jpg,2
IMG_20230309_183430_jpg.rf.isCVex1vnTnh9FZvgzjD.jpg,2
IMG_20230309_183433_jpg.rf.rXU0ObMA0mCFUENbGya2.jpg,2
IMG_20230309_183438_jpg.rf.AORp7MlKf2mRfvnxhSNZ.jpg,2
IMG_20230309_183510_jpg.rf.vZA33UPBM9p8bZXdOxOD.jpg,2
IMG_20230309_183554_jpg.rf.PNmr17r4sLEVf4TYKNwx.jpg,2
IMG_20230309_183603_jpg.rf.gjSKlJStU32eK3lh7VOp.jpg,2
IMG_20230309_183640_jpg.rf.deOvwk987gaW29fQ962e.jpg,2
IMG_20230309_183701_jpg.rf.XncibWRi1gqmq0PzCz8G.jpg,2
IMG_20230309_183717_jpg.rf.5sKd0FmYJZo3pRrr6qIz.jpg,2
IMG_20230309_183724_jpg.rf.REfeExpVDRj0KK7kizsh.jpg,2
IMG_20230309_183738_jpg.rf.UxmCo8iAuvp8XtBMqnyR.jpg,2
IMG_20230309_183743_jpg.rf.ZGGWAmsN34kwjCN0BFrt.jpg,2
IMG_20230309_183748_jpg.rf.k9G9iSpANY435dRamAr4.jpg,2
IMG_20230309_183834_jpg.rf.kaktqSVp5f6fr1zLGoFx.jpg,2
IMG_20230309_183837_jpg.rf.ujCLCOZrVoUf1VoO6Vxl.jpg,2
IMG_20230309_183845_jpg.rf.eWjNfyYMoRBxxzgoPlUH.jpg,2
IMG_20230309_183855_jpg.rf.PhqvPJOczNibPiCe3lvT.jpg,2
IMG_20230309_183915_jpg.rf.Qi04U9f94FucIjnU1sJS.jpg,2
IMG_20230309_183919_jpg.rf.OUGkLQokKNiO9uOYWTxj.jpg,2
IMG_20230309_183925_jpg.rf.Sb1A0BIy9neHiNMuctag.jpg,2
IMG_20230309_183940_jpg.rf.NGtwJpgDijU2LjlcmCaV.jpg,2
IMG_20230309_183957_jpg.rf.5zNKcJIFJLSb4WLig1ZY.jpg,2
IMG_20230309_184014_jpg.rf.j7nTQHKY81vCx0YDCQjR.jpg,2
IMG_20230309_184038_jpg.rf.slDuxIwywtvJzSySk1CO.jpg,2
IMG_20230309_184048_jpg.rf.2igOLcZCeh29GshcqCtm.jpg,2
IMG_20230309_184051_jpg.rf.L1r0KAYlSrp4ICzAYWCT.jpg,2
IMG_20230309_184057_jpg.rf.0Tx089d1yl5KhvNxyCj8.jpg,2
IMG_20230309_184116_jpg.rf.OnlGp2Dx77Vowkbw9ymu.jpg,2
IMG_20230309_184121_jpg.rf.ekI3PJRfOM2hgmhzLWxc.jpg,2
IMG_20230309_184125_jpg.rf.HmfxfcuLnfIUcEHCibdp.jpg,2
IMG_20230309_184130_jpg.rf.llBurrWCpBQGKFvS4GIP.jpg,2
IMG_20230309_184152_jpg.rf.B8Q5dydA6PzzubMfJpHn.jpg,2
IMG_20230309_184158_jpg.rf.bn1Zm0HNYgOdntRG9AgU.jpg,2
IMG_20230309_184211_jpg.rf.JOsrZmcjxdlrDyyvOJYu.jpg,2
IMG_20230309_184217_jpg.rf.6h2HvJJLr5et8zfrHQKU.jpg,2
IMG_20230309_184223_jpg.rf.m4043vv60aO3TIF85SN8.jpg,2
IMG_20230309_184307_jpg.rf.Cc31cgbnGb3S6rLVE8q2.jpg,2
IMG_20230309_184312_jpg.rf.9MYiUjOTHdDPAAIkrgGt.jpg,2
IMG_20230309_184316_jpg.rf.ZAsaSyU4qZuttA4uAacp.jpg,2
IMG_20230309_184325_jpg.rf.cEYcZGbTARkP1iGCtgwY.jpg,2
IMG_20230309_184342_jpg.rf.Ztr1HMUxJg4w4Jk8zXmv.jpg,2
IMG_20230309_184422_jpg.rf.5NJS3MhgelXBQZ0XcLeP.jpg,2
IMG_20230309_184426_jpg.rf.0qkGnc8dq6VuN69h7Xna.jpg,2
IMG_20230309_184435_jpg.rf.ijFAICuLSRx6evUUBoOK.jpg,2
IMG_20230309_184439_jpg.rf.U1YwYg0P6yzq8rofBjZh.jpg,2
IMG_20230309_184514_jpg.rf.7oUXGWACB79v4YSm3ITJ.jpg,2
IMG_20230309_184518_jpg.rf.RUR2nwnJB1kzCPNmE9qe.jpg,2
IMG_20230309_184524_jpg.rf.es8tNvLAVsjmx3SFbLLR.jpg,2
IMG_20230309_184546_jpg.rf.DlNAWgbZVwyR4PfjIhA0.jpg,2
IMG_20230309_184611_jpg.rf.1pXj6PadtZlOaT24FsZc.jpg,2
IMG_20230309_184619_jpg.rf.yadAfcVg5dGeYd7mSE5w.jpg,2
IMG_20230309_184641_jpg.rf.2Ujyigg8bWz0qU7Se6gY.jpg,2
IMG_20230309_184649_jpg.rf.FvaffEHT7F2w57cMe6KG.jpg,2
IMG_20230309_184712_jpg.rf.2nhXzUzCh2PMpKAVhPQA.jpg,2
IMG_20230309_184729_jpg.rf.FkQXD1cCh3scyWlgML7G.jpg,2
IMG_20230309_184738_jpg.rf.h2ydCJuwOxuDN0tAIRHt.jpg,2
IMG_20230309_184742_jpg.rf.AdWYyf0t69UjziCbkyqo.jpg,2
IMG_20230309_184747_jpg.rf.mW0fj4BmjHMSf2s7xKvG.jpg,2
IMG_20230309_185206_jpg.rf.r782pXoQ7Mq1FqfnkreF.jpg,2
IMG_2639_jpg.rf.tYQ2Fh9HOoRBqem48lg9.jpg,2
IMG_3946_jpg.rf.8GhyJMn3wZ9NSRfMmVnk.jpg,1
